Theta_Actual,Phi_Actual,Theta_Pred,Phi_Pred
-90,-70,-1.680092,-3.783843
-90,-65,16.7518,0.09097695
-90,-60,8.0006,-0.4637034
-90,-45,11.14674,4.922896
-90,-40,2.175887,-0.8356697
-90,-25,-2.80275,-0.6954794
-90,-15,4.606435,4.546037
-90,5,-20.98339,-8.311397
-90,15,8.465403,6.488979
-90,25,-9.113046,0.7872857
-90,70,-0.1212312,-1.942283
-85,-65,-11.16633,12.27735
-85,-40,-15.86593,-1.609936
-85,0,14.82638,-5.396411
-85,10,-3.170287,8.351172
-85,50,-5.144506,7.836893
-85,60,-10.50718,-0.5460032
-85,65,5.571654,-1.462739
-80,-10,-21.67345,-5.562052
-80,35,-19.71963,-0.9000197
-80,40,-6.053646,1.589402
-80,55,-10.12858,4.866279
-80,75,-9.685521,-4.805661
-75,-55,-1.776464,0.6159688
-75,-35,-2.32753,-7.818443
-75,-25,-15.17023,-3.56901
-75,70,-3.767118,10.4774
-70,-75,7.731598,-2.218564
-70,-50,-7.665348,-4.31396
-70,-40,20.25394,-3.180451
-70,-30,-11.89966,7.168008
-70,35,-1.318974,-1.175566
-70,55,-4.099967,-13.70554
-70,60,-6.26004,6.771141
-70,75,5.823556,-5.841012
-65,-90,-19.15545,-11.26151
-65,-65,2.171578,3.87529
-65,-45,-8.405285,-9.589764
-65,15,-20.27763,-13.61759
-60,-90,5.373715,0.1711594
-60,-20,-7.021387,-8.826385
-60,-10,-2.817409,3.464451
-60,-5,-3.919444,4.656542
-60,0,13.77723,7.286142
-60,15,-18.35841,-14.16464
-60,25,-4.811457,2.854136
-60,45,0.01108663,-5.102954
-60,75,-2.516895,-7.961177
-55,-90,14.66568,-9.867391
-55,-65,1.385584,-6.561703
-55,0,-2.235079,0.7454967
-55,65,12.88168,-0.606315
-55,70,1.81863,-0.9444917
-55,75,-5.821239,-0.7762182
-55,80,-0.86761,-12.37977
-55,85,5.992592,-9.667128
-50,-85,-2.53123,4.63275
-50,-80,-5.689956,-6.918082
-50,-75,22.87696,4.131767
-50,-30,-0.2265198,-9.682935
-50,10,12.28295,-3.825908
-50,20,-9.576889,-19.47618
-50,50,-8.984346,10.62136
-50,75,-1.836047,-11.00773
-50,90,3.60169,-5.228315
-45,-75,29.32345,-5.544412
-45,-25,4.171213,-1.842735
-45,5,4.146991,4.810643
-45,15,-2.177353,0.5263273
-45,20,-1.818904,0.1733395
-45,35,3.531322,1.814275
-45,45,-21.9368,-0.1403288
-40,-75,4.457554,-1.109755
-40,-65,9.648879,3.485052
-40,-55,-14.55185,0.4065053
-40,-45,-5.46141,-6.702717
-40,-35,0.5047739,16.90488
-40,-5,-2.346148,-8.318934
-40,15,9.323142,-5.306077
-40,20,2.854736,10.81762
-40,35,-4.06148,-1.819931
-40,55,0.4654002,1.146116
-35,-85,-1.243689,-5.639778
-35,0,-4.519062,3.439869
-35,20,-9.122349,2.84636
-35,25,-3.625626,-7.914346
-35,35,11.34915,1.890385
-35,50,-10.70057,-2.108173
-30,-90,6.094929,-9.113984
-30,-85,-0.2387122,-4.189745
-30,-70,6.181543,-0.8196393
-30,-35,0.7348617,-5.271451
-30,-15,-12.67349,10.49916
-30,-10,-6.241077,1.875081
-30,35,-16.43352,0.3941634
-30,45,4.327371,-6.736489
-30,50,-4.081916,2.025022
-25,-85,-5.263883,7.980401
-25,-80,-6.077094,-13.49189
-25,-15,5.076988,-5.183444
-25,45,1.5635,-8.09535
-25,60,4.549403,6.588781
-25,75,-5.991026,-6.654038
-20,-30,4.44946,-0.5359271
-20,-25,-7.102931,-9.915704
-20,-15,17.91182,18.58728
-20,60,3.461061,-3.695991
-20,80,1.75598,-7.371748
-20,85,-1.162362,-11.13674
-15,-80,-3.402076,-2.597176
-15,-40,-1.443526,1.693387
-15,-20,2.355347,-10.13407
-15,25,-5.891994,-3.868009
-15,80,0.3993633,8.59311
-10,-55,-0.7727188,-8.854786
-10,15,0.4124973,-0.8482454
-10,25,-1.161278,21.59045
-10,45,-0.382171,2.507098
-10,55,1.621772,5.779111
-10,60,6.301367,16.83522
-10,75,3.002904,-2.344654
-10,90,6.685101,4.494332
-5,-60,0.5035959,-5.460595
-5,-45,-3.645625,-7.060363
-5,-30,1.128955,-10.67336
-5,-20,-1.120302,3.227183
-5,-15,2.003598,-9.607424
-5,5,8.104117,-3.422856
-5,20,1.670381,20.85264
0,-70,-1.056731,-9.698867
0,-55,-2.314165,-6.381442
0,-50,-2.516265,-7.468144
0,-45,0.9620424,-8.728044
0,-30,3.212962,-8.856266
0,-25,-0.711166,-6.825045
0,-10,3.411022,-13.51212
0,-5,3.906616,-8.657132
0,10,3.444811,-10.77817
0,30,-2.287495,-6.331964
5,-5,6.22055,1.56248
5,0,-2.209081,-2.259355
5,15,1.985073,-7.012861
5,65,-1.610315,-7.27678
10,-70,2.345698,-5.316435
10,-60,6.529118,-3.785658
10,-45,1.146793,-6.607323
10,-40,1.86949,-8.066937
10,-15,-3.615724,4.132761
10,-10,1.451974,-5.027047
10,35,2.640638,9.850471
10,45,0.4009875,-2.870723
15,-80,-1.539168,5.401608
15,-75,0.2956851,-0.2890456
15,-65,-11.72045,-2.940058
15,-55,2.634512,-2.07935
15,-40,3.261258,7.438877
15,-35,-2.076644,-7.034173
15,-5,4.206245,-6.907737
15,75,13.03617,-6.041612
15,85,-0.5258603,2.096005
20,-60,-1.249464,-0.6796237
20,-55,-4.677881,3.49671
20,-50,1.856421,3.657747
20,-30,3.488332,1.839869
20,-5,-1.061837,6.71564
20,0,-6.287164,-4.053707
20,25,-3.077412,-5.273498
20,70,0.05492494,0.01243958
20,90,5.916863,3.695202
25,-90,16.18947,5.047562
25,-60,1.884695,-8.403998
25,-40,-11.63209,15.52827
25,-30,-10.03833,2.210619
25,25,3.767447,-3.081366
25,70,-5.86571,1.074385
25,80,-1.993662,-2.745514
25,90,-5.15345,-4.808171
30,-80,2.379827,2.87237
30,-50,-11.58171,-1.482628
30,-35,37.80385,0.9512609
30,5,11.44286,3.535429
30,40,10.28409,2.041248
35,-90,-18.90136,-5.744389
35,-35,-0.3971507,-11.27459
35,-30,13.41434,-11.89793
35,-10,7.870936,5.433026
35,10,13.63772,1.899959
35,85,-0.386285,6.583397
35,90,-3.900417,8.741529
40,-90,-11.09637,0.6731232
40,-85,-0.3216047,-12.80065
40,-75,-3.695638,4.577545
40,-65,-4.835015,-3.322128
40,-45,2.694684,5.409786
40,5,4.660412,2.112928
40,30,-6.196892,-2.690607
40,55,2.448978,0.9297323
40,60,-7.456391,-0.7303416
40,90,14.64211,-1.501863
45,-80,-3.656964,-6.528373
45,-70,5.125395,-3.419524
45,-45,2.507996,-6.035012
45,-10,0.09220344,-10.03593
45,5,-12.53724,-15.52003
45,10,16.42159,-1.947236
45,35,-6.806494,-3.471367
45,50,-2.203243,2.192319
50,-90,-11.99598,6.926318
50,-80,-5.187557,1.879582
50,-75,-17.06057,16.49149
50,-40,22.88943,-2.167376
50,-25,-3.117728,6.415852
50,-5,-2.202762,-2.865041
50,50,4.210289,-2.855821
55,-70,3.461643,1.135025
55,-65,-7.485675,-7.170838
55,-55,0.5465677,-4.378477
55,-35,2.177567,4.406438
55,-25,1.005106,-3.317958
55,-15,3.04982,-2.315048
55,-5,1.497754,-2.40553
55,0,3.599396,-0.5014117
55,35,2.687349,-6.163072
55,55,8.995742,3.505569
55,75,2.497047,-10.32505
55,80,-3.805543,-9.778176
55,85,14.6572,4.930294
60,-70,-8.187257,-13.45244
60,-50,-0.1294015,2.22919
60,-40,4.365529,8.64566
60,-5,-4.848097,1.95064
60,5,13.08044,-10.53834
60,10,-0.6509659,-4.202789
60,30,4.306419,1.828733
60,45,-12.34179,6.847877
60,80,5.608844,-5.306016
65,-45,11.02994,-12.02014
65,-15,-16.60369,-1.911061
65,10,-17.25605,-3.037127
65,35,-1.916918,13.70161
65,50,9.100429,-2.361801
70,-90,4.742597,-4.148852
70,-80,-8.352251,14.35335
70,-75,9.498219,-4.858091
70,-25,4.450501,9.457167
70,10,-4.3924,4.764112
70,35,4.018537,-8.085647
70,45,-0.8330964,-0.08689561
70,65,-9.393876,-4.184473
75,90,13.33012,-10.52906
80,-90,-3.756083,4.738526
80,-80,-13.63489,3.943694
80,-45,1.760758,3.770575
80,-35,1.481884,-0.5536486
80,-10,-17.53081,-20.06791
80,5,2.534507,-2.567231
80,10,8.92824,-6.632765
80,65,12.70596,2.949978
80,85,-12.88894,-0.08609974
85,-80,14.87018,-5.782734
85,-55,-2.595773,-0.4903507
85,5,-5.461777,-15.24747
85,80,-1.345049,3.335599
90,-75,-5.080614,14.84486
90,-65,9.003247,-2.748241
90,-60,-4.333006,2.791616
90,-50,-17.12486,-2.411
90,-45,11.65324,-5.765405
90,-40,11.92902,-2.19921
90,-20,7.243743,-2.184824
90,0,1.109567,-0.5791482
90,45,-30.12529,-2.577964
90,65,6.165402,-1.097316
-90,-80,6.303234,11.5484
-90,-60,2.96508,1.040374
-90,-50,8.455882,7.229681
-90,-20,-8.097634,3.836228
-90,35,-12.24777,1.69571
-90,40,-4.82412,-10.18774
-90,45,-0.7043488,-0.9427679
-90,70,-14.846,-1.030452
-90,85,4.569889,0.02068853
-90,90,0.1506087,-1.786836
-85,-20,-11.56403,17.22713
-85,-5,3.675487,-5.030153
-85,80,0.9112107,-0.4435235
-85,85,11.54489,5.228711
-80,-85,2.691614,10.40597
-80,-45,-9.693734,-4.758219
-80,-15,-9.220979,-1.881344
-80,5,7.213486,-1.831243
-80,10,-6.385705,0.8409894
-80,15,-8.97807,11.62413
-80,30,3.789726,9.131843
-80,55,-1.877368,9.007473
-75,-80,-3.979505,2.809426
-75,-40,0.730547,-4.939738
-75,0,5.624454,0.07666939
-75,5,-9.573259,-0.1132655
-75,20,-10.20976,-1.181567
-75,30,14.68522,-10.66134
-75,80,12.07326,11.56409
-75,85,1.301328,-0.6428424
-70,-85,-3.183708,-2.295682
-70,-45,-16.70749,-3.246638
-70,10,-8.159112,-15.14715
-70,45,11.8677,-0.7571647
-70,75,1.004763,0.2073014
-70,90,-4.545221,8.977047
-65,-80,-6.682952,7.165576
-65,75,12.36385,2.173155
-60,-75,0.3975273,-7.052758
-60,-35,0.7629602,3.989176
-60,-30,-15.6336,-4.048614
-60,-25,-6.257797,-11.08095
-60,15,-0.7466579,8.542563
-60,35,23.98248,-7.107217
-60,40,-14.03925,4.508629
-60,45,-6.823685,-7.497489
-60,55,-11.86038,0.9571969
-60,60,-11.5088,-0.03023443
-60,65,-3.562536,-7.072655
-60,70,-10.78403,14.56524
-60,85,-1.394549,3.970034
-55,-90,9.702831,11.04555
-55,-55,-10.23306,-11.32012
-55,-40,6.609578,0.5065109
-55,-35,-21.05499,7.025753
-55,-30,8.234378,-6.064629
-55,-25,-6.599611,6.509248
-55,-15,-7.733527,-2.115767
-55,0,4.246787,-4.210758
-55,80,8.282655,-6.300898
-50,-85,-9.710015,-3.355661
-50,-65,6.265593,-2.099909
-50,-55,5.420887,-6.614548
-50,-45,6.62049,-4.715045
-50,-20,4.44047,-9.193114
-50,-10,4.158329,-11.21579
-50,10,1.621721,-1.738453
-50,50,1.842438,-2.235537
-50,55,0.3454697,6.397511
-50,70,-4.940277,7.07923
-50,80,3.460624,-6.478772
-50,85,-3.490234,-5.975714
-45,-85,-4.572936,-2.25719
-45,-55,0.596141,-1.37726
-45,90,3.333724,-6.107342
-40,-65,2.658894,-9.844392
-40,-50,6.865833,-5.02765
-40,-25,5.701051,-11.26114
-40,-10,4.650318,-5.920695
-40,5,-5.73555,2.672416
-40,15,-2.530697,1.269983
-40,30,4.156108,-3.46465
-40,75,3.512052,-0.7007717
-40,80,-2.440431,1.480943
-35,-90,2.540387,-8.520467
-35,-75,-14.08031,6.181745
-35,-65,-16.2663,-14.0983
-35,-55,-7.827183,4.993067
-35,-40,1.930756,-2.604875
-35,-20,-4.184954,-8.51526
-35,-10,-0.6220734,-5.056475
-35,65,3.787674,3.830402
-35,85,-3.726506,-1.397534
-30,-90,-1.053741,-4.30157
-30,-75,1.056753,0.04416591
-30,-50,14.10236,-12.86754
-30,-45,-1.212317,-7.089815
-30,-40,5.561319,-1.769959
-30,5,1.919011,7.933937
-30,30,-7.519522,1.919214
-30,75,-31.58526,3.830597
-30,90,1.801444,-4.363236
-25,-90,-16.97211,14.1523
-25,-75,-42.04605,8.967272
-25,-15,14.75092,3.692028
-25,-5,-3.072845,-3.934733
-25,35,4.542381,-1.028604
-25,40,12.56666,-3.132246
-25,50,-3.340108,12.83065
-25,85,-11.89139,6.254009
-20,-75,7.518327,15.46363
-20,-15,2.280319,-0.6539505
-20,20,-0.1401721,25.71756
-20,25,6.399285,-9.580661
-20,45,1.267923,7.568018
-20,60,0.5960557,-2.774085
-20,75,2.623455,1.254947
-15,-75,1.885345,17.09261
-15,-65,-0.6364685,9.198234
-15,-45,-2.068994,-6.782312
-15,-30,9.106571,-0.6929232
-15,-25,0.8833366,6.747601
-15,-10,0.5674981,-6.627252
-15,20,2.019509,15.3198
-15,35,0.9922239,0.2147055
-15,80,-2.557133,31.64178
-10,-90,-0.8397375,3.181993
-10,-80,0.3114371,-6.18154
-10,-75,-1.340923,-8.862937
-10,-50,-1.111134,-10.82876
-10,-30,1.829625,-2.535464
-10,0,-3.379206,-8.632236
-10,10,-1.888715,0.7705392
-10,30,2.629636,23.85563
-10,55,6.587254,17.01687
-5,-85,-1.196815,-3.871135
-5,-25,0.7284877,-8.399896
-5,-20,-0.7757955,-6.095305
-5,5,1.125826,4.512782
-5,50,-2.539716,-7.183225
-5,60,1.653627,-9.256029
-5,75,0.07556865,-1.042176
-5,80,-1.083231,1.349487
0,-75,1.531518,-4.136898
0,-30,-1.078631,-3.412284
0,45,1.376617,-9.608576
0,50,0.995295,-7.714419
0,55,2.063442,-3.244028
0,60,-1.806556,-6.329664
0,80,-1.774068,-9.980876
5,-85,-1.423109,-6.001238
5,-80,0.1789622,-7.491475
5,-35,-0.6667724,-9.602687
5,-20,-1.202625,-7.798236
5,20,-1.292611,21.09963
5,65,2.021061,-2.984554
10,-80,1.361912,-3.062909
10,-70,2.318538,-9.627674
10,-45,0.6723862,-9.698112
10,-15,-2.617592,-5.82595
10,0,2.105826,-7.467578
10,15,1.009549,-6.327321
10,40,4.198858,26.106
10,45,-2.659079,10.3782
10,75,-2.2109,0.8588404
10,85,-2.413422,25.47188
10,90,2.99665,9.527925
15,-65,-1.290088,-4.717533
15,-50,-3.121434,-6.314305
15,-40,-1.406864,-9.183109
15,-15,3.216383,-1.962947
15,-5,-0.4873344,-5.308339
15,5,0.9901105,10.54331
15,10,4.437472,25.91175
15,20,4.84739,20.99513
15,45,5.585325,33.56424
20,-45,2.238049,-3.71919
20,20,2.296708,-9.421532
20,45,3.595468,-7.405757
20,55,-3.460175,-2.510307
20,75,2.590758,-0.484479
20,80,-2.436646,8.420391
20,85,3.985837,-1.698532
20,90,-3.149884,19.17947
25,-75,2.664284,-8.219738
25,-50,21.05505,-1.339257
25,-45,4.735396,-4.699633
25,-15,12.3914,0.2782698
25,5,10.51527,-2.489975
25,40,-2.577128,-4.717695
25,55,0.1332864,-2.727648
25,60,-0.05881013,1.939231
25,65,8.909178,-2.382256
30,-90,0.6376781,-0.2281827
30,-80,-3.119127,-7.879628
30,-35,-18.21597,-1.88332
30,15,1.031791,-4.250501
30,35,-3.709424,-15.16971
30,70,-8.193935,1.28052
35,-60,-0.4436845,2.749676
35,-45,1.062198,12.91243
35,-5,3.021762,-0.8820329
35,35,2.012071,-1.693058
35,50,6.276925,-10.11801
35,60,-19.90923,3.323595
40,-45,-3.390935,5.159966
40,-35,-3.847733,-11.15439
40,-10,-6.814188,11.56095
40,-5,7.608817,-5.119063
40,30,9.933823,-4.084724
40,50,-15.30439,14.78788
40,55,-9.911963,-0.09614125
40,85,1.239185,-6.12577
40,90,1.021888,0.731217
45,-55,-6.402822,8.592214
45,10,3.569214,-9.344078
45,20,1.899198,0.6973684
45,35,-19.83275,-5.320945
45,40,-10.37982,-1.880995
45,60,-4.491397,-7.577293
45,65,7.731874,-0.2243438
50,-90,-2.698347,19.79875
50,-80,2.853582,-8.143479
50,-70,-7.948388,9.352809
50,-30,3.304273,-13.75121
50,-25,2.253964,-7.827767
50,-5,-5.280187,-3.853168
50,20,0.07735255,4.334117
50,25,-1.11655,2.304034
50,50,-6.343866,8.837451
50,60,-5.06984,-9.579508
50,85,-5.159265,0.5522195
55,-65,-2.805434,-2.871161
55,-50,0.1687635,14.60807
55,-30,-2.226619,-10.74506
55,-5,-0.9845256,-6.968356
55,90,5.985696,-1.782639
60,-65,-11.19687,6.457387
60,-50,7.820592,-6.065787
60,20,2.041109,0.5732203
60,50,-0.7601988,7.49737
60,60,7.938412,-1.277853
65,-35,-8.019258,-1.919167
65,-20,14.00683,12.39202
65,-10,-4.493997,1.651262
65,-5,10.52044,2.235704
65,15,4.398348,-3.294223
65,20,-2.308032,-2.748594
65,50,-9.139422,-5.790042
65,55,1.784359,2.37171
65,70,-7.000823,6.309315
65,80,0.2787304,-4.634583
65,90,6.144125,-0.08844721
70,-90,-2.332863,-11.72516
70,-55,0.4498991,-0.6403026
70,-30,-0.6559887,-7.153031
70,-15,-6.025238,-3.801826
70,-5,3.780069,6.655548
70,15,-11.56056,9.547674
70,90,12.15722,-4.106299
75,-80,5.135423,-4.020353
75,-55,11.42529,4.29377
75,-35,1.303471,3.050537
75,-30,-11.52758,-11.15653
75,20,-9.399669,-4.760562
75,75,7.382852,7.298185
75,90,6.90427,3.651752
80,-80,-5.577713,2.874813
80,-40,-8.798475,10.52009
80,-30,-4.617109,0.9859355
80,-20,-8.653406,-1.30348
80,-15,10.86796,-3.154738
80,35,5.410689,4.218572
80,55,-6.662074,-5.288936
80,65,4.275883,9.64137
80,70,6.01137,8.420039
80,75,-15.57179,-0.4759451
80,90,4.716214,-1.233349
85,-75,-1.715592,0.7506431
85,-15,4.030656,-11.2735
85,5,-21.21105,-1.119406
85,10,-7.946139,-0.5157003
85,25,-26.40009,3.564506
85,30,2.797353,-2.942694
85,35,12.15715,-4.407912
85,40,8.608702,-9.820225
85,45,7.821527,-9.115946
85,50,-5.981564,-2.042777
85,70,2.622925,0.6119509
90,-90,-3.038372,11.91283
90,-10,-2.844931,9.299743
90,-5,-12.8454,-0.2242847
90,55,-13.03746,-1.291539
90,60,11.52388,4.908079
90,85,14.35599,-9.670017
-90,-65,-5.731153,-10.12507
-90,-60,4.845276,-1.076141
-90,-15,4.721318,3.436899
-90,10,-9.73454,-2.760647
-90,75,0.3455551,-3.306359
-85,-85,1.579277,6.435525
-85,-65,22.01664,-6.470333
-85,-50,8.057358,0.7284099
-85,-25,-1.550766,-2.127288
-85,-15,-1.031285,5.132334
-85,30,17.32181,-10.22651
-85,65,5.655499,0.1631221
-85,80,-11.67467,-13.30209
-85,85,4.939682,-2.827812
-80,-90,-7.098346,-2.701618
-80,-80,-2.32665,0.8784874
-80,-65,-3.662898,4.121318
-80,-40,-2.275639,-3.68549
-80,-15,-3.060624,0.8414646
-80,10,18.73605,-4.599017
-80,50,-11.60266,-8.430237
-80,70,7.978648,-2.38325
-75,-80,-10.83321,-0.08612016
-75,-25,-16.46762,14.29613
-75,5,3.268872,-6.260098
-75,40,-10.00556,-1.312804
-75,70,-16.93499,-20.02475
-75,80,20.00114,6.685915
-70,-65,12.40619,7.161106
-70,-60,3.297404,3.570763
-70,-40,5.736965,-5.069907
-70,-10,3.975154,-1.164985
-70,0,-13.28787,-7.487979
-65,-40,-6.495529,-6.229898
-65,-15,-3.586976,0.8949488
-65,5,-3.336635,-7.539907
-65,15,-0.609816,-4.377035
-65,75,17.15355,5.799476
-60,-90,10.44519,1.451358
-60,-45,2.23643,12.39555
-60,-30,16.52235,-13.68266
-60,-20,-8.983914,7.564574
-60,-10,-6.75228,-4.665987
-60,15,-8.486317,-4.206484
-60,50,10.05698,3.811356
-60,65,-12.53618,-0.5470607
-55,-80,-3.368533,-5.484612
-55,-60,3.691803,-10.64763
-55,-45,0.7360439,2.195402
-55,0,1.506205,-2.236201
-55,20,2.526325,11.20172
-50,-80,-3.24525,-1.832988
-50,-50,1.038045,7.4685
-50,-35,-5.20243,19.62542
-50,-20,3.873528,-1.188296
-50,-15,-0.09088464,-8.867783
-50,-5,-0.9760637,-9.273357
-50,0,0.4069575,-7.661124
-50,20,7.968271,-1.6333
-50,30,4.255015,-8.558811
-50,45,-4.90093,4.464161
-50,70,-2.820155,-3.726962
-50,85,-9.329683,2.077374
-45,-90,0.006364062,-5.907667
-45,-85,6.404604,-6.023594
-45,-65,5.178256,-6.329094
-45,-30,-11.04718,-13.49346
-45,10,4.025286,-12.53268
-45,30,-8.120122,-0.5482156
-45,40,-1.556242,3.422677
-45,65,5.373744,3.472623
-40,-85,-8.96274,-2.058804
-40,-20,-4.727682,6.617691
-40,-5,-4.738303,2.404162
-40,15,-9.383006,-3.16495
-40,25,-9.5752,-13.35505
-40,35,-2.514433,-6.490615
-35,-55,-14.87645,8.412061
-35,-40,-4.847522,0.1409937
-35,-10,1.947969,10.18214
-35,15,5.92089,-5.163483
-35,25,-5.410478,-4.086598
-35,35,-5.863874,-1.836205
-35,45,-4.293157,-1.812102
-35,60,-3.292489,14.75029
-35,85,9.260865,0.5200296
-30,-50,-2.698437,-4.651268
-30,-45,-2.323627,-7.32196
-30,0,5.94154,7.458711
-30,5,-5.877976,5.085403
-30,15,-8.618149,-0.2321953
-30,30,3.325482,0.2717469
-30,35,13.51887,-3.624868
-30,40,6.428628,-5.693415
-30,65,-25.79106,5.127494
-25,-85,5.692837,-1.55703
-25,-45,-0.5393118,-8.220023
-25,-10,-4.232998,-5.910305
-25,55,-2.812165,0.3396475
-20,-80,8.390656,7.183132
-20,-50,1.10652,-2.015605
-20,10,-0.9232313,17.35073
-20,60,0.1974084,8.697124
-20,75,-4.060685,0.334087
-20,85,-1.72049,3.299891
-15,-75,0.4102784,-7.232062
-15,-70,0.4487644,-6.033946
-15,-65,0.5138094,-7.004436
-15,-5,2.58551,5.166589
-15,0,0.6906146,7.524406
-15,45,0.3742952,27.4365
-15,55,3.556359,17.37931
-15,70,-0.1586693,10.51243
-10,-75,1.469131,-4.313337
-10,-70,-1.839588,10.76607
-10,-25,4.066597,-0.9295306
-10,-15,2.855004,-9.570773
-10,70,0.8698102,-5.863393
-5,-90,-1.407856,16.96662
-5,-75,2.688096,-7.440864
-5,-40,0.7858647,-8.254685
-5,-20,1.926128,-10.57656
-5,-10,0.5797519,-7.084399
-5,-5,0.1574689,-6.652415
-5,5,1.732128,-8.538642
-5,45,2.273939,-3.315846
-5,55,-0.9009043,8.677567
-5,75,0.9183989,-10.81552
0,-80,-1.350183,-3.050092
0,-50,0.161186,-10.29654
0,-45,0.8439345,-6.494671
0,-35,1.639648,-11.18422
0,-10,2.135101,-4.315169
0,20,2.356562,-8.496547
0,45,-2.839765,-10.27733
0,50,1.892217,-11.58116
0,70,0.9253924,-6.577138
0,75,1.451446,-11.27323
0,80,0.6733135,-5.76251
5,-80,-1.058409,-5.12593
5,-70,0.5871993,-8.015203
5,-5,-0.1324262,-1.058345
5,0,-1.119683,2.110693
5,10,-0.5645201,-8.477595
5,30,-0.7023505,-7.950288
5,40,-0.8473899,-10.0041
5,45,0.3892455,-7.754186
5,80,-0.2418456,-4.837579
10,-85,-0.1723511,19.60323
10,-80,1.462842,-7.831867
10,-75,-0.1164019,-3.609281
10,-55,2.122508,-3.57665
10,-40,3.091854,-12.41726
10,-35,1.716797,-10.53857
10,-20,0.9963886,-8.897805
10,20,-0.09015901,-8.748211
10,50,0.8849697,3.620101
15,-10,0.3063126,21.13591
15,-5,2.107157,6.267011
15,5,-1.883808,0.9737201
15,10,-1.322512,24.72781
15,45,0.9916769,8.571605
20,-90,-4.678504,-0.5525772
20,-75,-2.026178,2.704629
20,-65,-3.662985,7.465063
20,-50,-0.7424846,-6.198299
20,-25,-1.768517,-7.741271
20,-5,3.200672,0.377486
20,15,0.8882836,22.30677
20,45,-1.186027,-2.891264
20,80,0.3803052,-1.660329
25,-70,-0.09286343,-4.324374
25,-45,-3.577913,-9.784986
25,-30,2.902807,-1.993107
25,-5,-4.017802,8.266297
25,5,5.790714,32.53214
25,40,-4.424504,-3.279434
25,60,-1.391407,-0.7543715
30,-75,2.563154,2.846726
30,-55,-1.436573,-3.603768
30,-35,-10.03409,-10.7815
30,10,2.400531,-3.134
30,30,6.932231,-9.67203
30,60,-3.990912,-6.234048
30,65,1.04768,-6.878651
30,80,-14.67776,-5.352836
35,-80,1.798173,-5.51057
35,-50,-5.478264,3.389572
35,-40,-5.188925,-2.326047
35,-25,-19.63374,-2.220256
35,-15,2.183536,3.426477
35,20,-10.57376,8.860296
35,25,-2.308606,1.135183
35,65,4.416699,0.5176192
35,85,4.392267,-3.312844
40,-85,-8.700522,4.014384
40,-75,-5.190923,-8.9766
40,-50,-3.683272,-2.947716
40,-25,9.515423,0.8436226
40,-10,-1.540178,-6.619348
40,0,-1.335573,2.725109
40,40,-15.65109,16.57001
40,75,0.6271697,-0.4290169
45,-75,0.8970373,5.176468
45,-60,20.32019,0.02192557
45,-55,-8.213836,5.950497
45,-35,11.04797,2.299251
45,-5,-3.798352,-1.116989
45,5,-7.391762,-3.408842
45,20,16.9037,2.218023
45,30,8.074738,8.315339
45,50,-10.98986,-1.895804
45,60,-14.05898,2.21904
45,65,5.93534,-1.599782
45,80,1.652814,-2.304822
45,90,0.2872398,-1.960352
50,-55,10.6306,-1.598437
50,-30,-4.534327,-5.015615
50,20,0.1730006,4.94422
50,30,-9.997984,1.225901
50,40,2.027309,-1.480208
50,45,-0.5804089,-4.743332
50,90,4.245971,-0.8184326
55,-75,5.445954,-2.925061
55,-60,9.562356,3.539708
55,-40,2.850931,3.099906
55,-25,4.866662,-2.546941
55,-20,10.68192,-5.251403
55,-10,-4.197753,-0.7704821
55,40,-13.40838,6.590807
60,-75,7.973653,-4.680315
60,-50,-4.732732,10.98871
60,-30,-6.374761,6.549362
60,-5,-7.258645,-6.03628
60,20,-15.9423,4.080937
60,45,-0.6554894,-0.6405001
60,80,-0.6450658,-4.971261
65,-50,-1.8198,-6.245901
65,-45,-5.209951,2.095391
65,-40,-11.32766,12.51895
65,-10,-1.994088,1.724454
65,40,-1.69294,-0.7844076
65,65,-4.574207,13.71318
70,-80,0.8111479,-0.6040486
70,-60,0.4212155,-3.928191
70,-55,-23.59467,-3.959872
70,-50,1.936701,-1.107154
70,-45,7.534868,-2.166262
70,25,-7.255064,2.536818
70,30,15.49724,-0.08616415
70,45,-1.40266,-11.15145
75,-55,23.58863,0.06359071
75,-50,3.764188,0.1707271
75,-20,1.172948,7.337759
75,15,-1.245466,2.765248
75,20,-5.542307,-15.18001
75,25,-3.727699,8.078005
75,60,-4.906649,-4.196218
75,75,-0.9358721,10.5413
80,-85,-1.202995,-4.640855
80,-75,3.316089,-4.536141
80,-65,2.976007,-2.423664
80,-40,-13.1359,0.1647761
80,-35,-2.389529,-5.024602
80,-15,-4.851354,2.747102
80,-10,-3.806323,-4.058054
80,-5,-2.12535,5.951202
80,15,7.392289,-1.447324
80,25,2.023716,1.795594
80,60,0.9077948,11.9451
85,-85,-3.010108,2.850581
85,-60,-0.7041929,-3.596593
85,-50,8.245788,-11.49877
85,-35,-18.44144,11.86444
85,5,-7.758582,-16.59102
85,20,14.40354,-6.357739
85,25,-24.87978,6.484757
85,30,-0.1338512,-8.736452
85,50,11.90018,1.117085
85,70,11.96157,-6.54515
90,-65,-6.623035,-2.399454
90,-35,17.16327,12.24203
90,-30,-6.219702,0.6896101
90,10,7.419291,-4.667583
90,15,10.57717,-5.815034
90,20,33.79309,-1.129747
90,50,16.65876,-9.296476
90,70,0.07152864,-5.878426
-90,-70,-8.415648,-1.274601
-90,-40,-4.443338,-3.191087
-90,-35,2.252712,-4.883316
-90,-15,-7.063221,1.558809
-90,5,-3.045085,15.86467
-90,15,5.254792,-6.435096
-90,35,15.70146,1.487508
-90,55,-4.873425,1.811215
-90,60,3.71491,6.621174
-85,-85,6.467413,5.21977
-85,-65,-13.71294,1.544702
-85,-55,12.26676,1.908008
-85,-50,7.261804,0.7438447
-85,5,-4.294412,-4.539003
-85,25,17.82497,-1.074655
-85,35,-10.44585,-6.562579
-85,40,0.5783747,-2.077335
-85,85,-7.248245,0.3950132
-80,-85,8.524951,-12.17585
-80,-75,-0.4310019,-0.417255
-80,-15,4.089167,-1.773716
-80,0,6.768563,9.474817
-80,25,1.620701,-10.33548
-80,30,-0.1306157,-6.839997
-80,40,-1.066233,-9.168779
-80,45,-9.543923,2.40449
-80,55,-7.810882,9.231612
-80,85,-15.50831,-16.72693
-75,-55,-2.269263,-2.434415
-75,35,-3.789546,-3.890186
-75,75,10.51823,7.951848
-70,-90,2.921891,4.939272
-70,-80,-1.977308,1.263286
-70,-25,23.10794,-11.01525
-70,35,12.45768,-3.789519
-70,60,-8.805507,2.667202
-70,70,-2.292132,1.145478
-65,-75,0.9733248,-4.89323
-65,-25,-2.085135,0.573623
-65,-20,11.87128,1.155057
-65,5,-3.272017,6.651637
-65,30,27.64496,-4.14391
-65,75,-2.054698,-0.1554154
-65,80,6.52106,0.4654759
-60,-90,-2.763189,-0.3514415
-60,-80,2.69106,-8.319167
-60,0,-1.942479,6.000704
-60,15,-0.1738504,24.27879
-60,25,11.02926,-12.82421
-60,70,-2.328827,7.906259
-55,-80,3.621262,-13.22106
-55,-50,-2.21871,-5.338333
-55,-40,6.703782,-6.734637
-55,15,-1.337842,11.97104
-55,20,7.744193,5.967389
-55,35,-14.10486,-3.936465
-55,40,-4.487916,-1.136413
-55,50,13.54207,-4.54718
-55,55,0.7212738,-5.791574
-55,75,2.301769,9.852514
-55,90,4.827946,14.05954
-50,-60,-8.673714,9.764898
-50,-55,4.430348,0.7593293
-50,-50,7.602881,-1.277642
-50,-15,-1.765724,-1.967076
-50,10,-10.16196,0.1408867
-50,15,9.990068,-7.958576
-50,30,-4.455173,-11.81153
-50,35,-10.05437,2.129632
-45,-90,3.752773,-8.870928
-45,-85,-0.3004771,-7.587454
-45,-75,0.6957495,-1.119794
-45,-65,-0.9533924,7.804204
-45,-60,0.04521447,0.4475586
-45,-55,-5.54506,-11.84748
-45,-30,-0.05463213,-5.874068
-45,15,-2.026171,3.868808
-45,20,6.558088,7.473242
-45,25,5.267069,8.691732
-45,30,-7.82365,15.79099
-45,50,6.064024,4.329945
-45,60,-6.609525,-8.060175
-45,75,5.267266,6.277135
-40,-65,3.856806,-1.303965
-40,10,0.7307842,-6.155177
-40,25,-2.745821,-4.642571
-40,35,-15.52681,-13.7966
-40,85,-1.031342,-11.51377
-35,-75,-6.907627,5.340408
-35,-70,9.941285,1.163639
-35,-50,-12.56735,-2.268062
-35,-35,-1.872091,2.02121
-35,-30,8.518846,-1.325557
-35,-15,-5.112865,-3.218891
-35,-5,1.578828,6.104864
-35,30,-2.49489,5.218192
-35,70,-0.142637,-0.5938095
-35,80,1.790277,-8.33493
-30,-45,-1.456522,-5.707368
-30,5,0.3034362,5.811811
-30,50,-0.8770352,1.93917
-30,75,34.0906,-7.520468
-25,-80,3.119256,16.47155
-25,-60,-0.5006018,2.737085
-25,-35,1.588301,-2.837264
-25,-20,0.7691733,17.95719
-25,45,3.494053,-4.394935
-25,60,-1.835504,9.721673
-20,-80,0.1840626,-1.587669
-20,-60,3.137407,-11.01754
-20,-40,1.27423,-8.022168
-20,-20,-2.603848,0.5093381
-20,5,-1.765781,29.25462
-20,25,0.4171585,16.04394
-20,35,-0.7939287,0.9282207
-20,90,0.2466477,27.99795
-15,-80,1.232382,7.946256
-15,-60,1.593763,-11.11204
-15,-50,1.823075,-11.25371
-15,-35,1.704369,-6.937743
-15,-20,0.01668887,-3.631233
-15,15,-1.129007,7.784452
-10,-70,0.7276408,-6.295664
-10,-50,1.685066,-11.32111
-10,-45,0.1946906,0.9373599
-10,-30,-0.5810819,5.150615
-10,-15,0.004483774,-2.959844
-10,40,-0.7053326,10.37334
-10,45,0.08438662,2.495356
-10,55,-0.9375831,0.632755
-10,85,-0.3672137,17.69533
-5,-75,0.5214331,-6.323831
-5,-65,1.734934,-7.931342
-5,-55,0.1858549,-2.349186
-5,-25,-0.1952179,-5.781454
-5,10,-1.796529,0.9036228
-5,30,-0.5314527,-0.6962323
-5,35,1.813289,-5.673562
-5,40,-0.2281729,3.26055
-5,70,-0.6290256,-2.878891
0,-90,0.6444203,-4.25795
0,10,1.628321,-1.491892
0,30,0.7526274,-7.195231
0,70,2.389685,-9.925082
0,80,0.3506973,-1.277442
5,-50,0.8303645,-8.235327
5,-35,2.150175,-11.64055
5,5,1.571065,-5.39395
5,40,1.07021,-4.096428
5,50,1.883719,-11.22649
5,60,0.8384923,-6.664222
5,65,-0.1626208,4.972792
10,20,0.1310412,-5.675354
10,30,-2.435567,9.000573
10,35,-1.475782,11.951
10,45,0.2177869,9.51671
10,70,-1.661833,24.60252
10,80,-0.07365867,-5.924584
15,-70,3.853413,-2.590899
15,-55,1.558185,-5.701699
15,-5,1.166043,-6.883774
15,50,-0.475703,7.248748
15,75,1.304864,5.331778
20,-90,-1.371639,6.571761
20,-80,1.100889,5.89869
20,-60,-2.865119,8.416059
20,85,-1.329351,2.984308
25,-70,-1.70363,0.6089284
25,-60,0.6457866,-6.059716
25,-35,-1.549603,23.09293
25,15,-3.105866,-1.62815
25,40,0.9336819,-1.896453
25,50,2.277616,-7.546202
25,70,-1.165124,-3.975945
30,-55,-1.220599,6.406801
30,-30,11.6709,-0.7749062
30,5,-17.23348,-4.680419
30,25,0.9751914,-8.112467
30,60,3.547015,-4.663991
30,75,1.048256,-3.669158
30,80,-2.574637,-1.438221
30,85,-13.55017,1.523943
35,-80,18.52744,14.27052
35,-75,4.553408,-2.058956
35,-60,5.468041,1.102517
35,-35,4.386641,-5.475413
35,-15,-8.015761,7.861416
35,55,-0.5901521,11.83117
35,85,8.03182,-1.207298
35,90,-2.517895,-5.207476
40,-90,0.3987635,-3.288051
40,0,-0.02407378,-5.108231
40,25,1.850975,3.652392
40,45,-9.105666,-9.620208
40,55,8.501989,-10.2512
40,80,-1.63959,13.06124
45,-90,-1.259615,-6.442604
45,-75,3.201188,0.2969303
45,-70,-0.9887066,21.92583
45,-35,-9.106973,-2.451274
45,-20,-7.053355,6.036378
45,50,-6.097794,-4.623586
45,55,9.079061,2.937201
50,-90,-1.228078,-2.595868
50,-80,2.489801,1.700788
50,-40,-1.15293,-0.2606614
50,15,-1.419583,0.9452888
50,20,10.32549,12.05243
50,45,-5.157886,-5.00877
50,90,-1.896406,-9.585197
55,-80,-1.861919,-10.17252
55,-10,-0.2175251,-9.59797
55,0,8.476345,5.470009
55,10,6.11099,17.28827
55,75,2.810679,20.33434
60,-85,4.877133,-11.31098
60,-50,-4.733808,-9.968558
60,-15,4.903869,-2.818047
60,-5,-7.575454,-4.147717
60,35,-16.81948,-5.562272
65,-85,3.311142,-1.109753
65,-20,-9.473217,7.816159
65,10,4.869741,9.458845
65,15,0.8658792,-0.7260669
65,20,4.246796,5.35687
70,-85,-3.734331,-3.405303
70,-45,2.310796,-11.1302
70,-35,-4.863252,-3.463429
70,-15,9.438465,-3.844894
70,10,-9.952079,-2.061387
70,15,2.538159,9.941098
70,50,-0.1987527,-7.690265
70,55,-10.21619,8.89123
70,60,-6.244381,2.255826
70,75,-6.65042,-0.1950964
75,-80,-6.302299,-8.40223
75,-60,-0.2311119,5.194769
75,-35,-12.28983,-4.986152
75,-30,2.100164,-3.193882
75,-25,5.258258,-5.210032
75,5,9.580657,-7.610307
75,25,17.34205,-3.365608
75,70,2.917813,1.046267
75,80,2.154264,-7.170196
75,90,-11.65085,7.315059
80,-25,-2.245258,-2.335792
80,-5,-2.130592,5.088075
80,25,-13.003,-2.268021
80,35,-8.098291,-1.65548
80,90,-12.91901,2.049388
85,-50,-6.061888,0.3052369
85,-20,-1.868791,10.2202
85,-10,-13.66673,-6.982538
85,-5,1.206293,-1.957319
85,50,-7.837286,3.22339
85,80,-6.660522,-12.67875
85,85,-11.5671,7.981169
90,-85,3.961313,4.796275
90,-60,1.332605,0.117634
90,-55,-7.870545,-16.40803
90,-50,1.638423,-1.452222
90,-35,-5.031112,-3.250173
-90,-50,7.481593,-2.699155
-90,-15,0.2459384,-8.52307
-90,-10,-3.518766,-1.735721
-90,10,-16.27428,-17.82525
-90,45,-9.783691,-0.1904652
-90,50,-5.418128,-6.065531
-90,65,-32.41447,-1.343044
-90,85,1.995782,-2.647692
-85,-60,-7.052404,13.35879
-85,-35,1.616643,-4.370093
-85,-25,0.5244678,5.340293
-85,-15,19.44396,-1.364179
-85,5,-15.88236,-10.26122
-85,45,0.4353377,-5.005246
-85,50,2.446034,-0.9838858
-85,55,-9.295332,-16.07909
-80,-90,8.862702,-9.854751
-80,-70,-8.890955,6.364631
-80,-60,13.11415,-11.51558
-80,-55,-2.95369,19.12224
-80,-15,17.99839,-3.850842
-80,0,6.15934,-4.257998
-80,15,4.284874,6.313213
-80,30,8.895907,-9.589423
-80,35,6.503057,2.340339
-80,60,-17.24988,8.166701
-80,65,1.003295,0.4470562
-80,75,-13.94051,8.248084
-80,80,3.817666,-6.994463
-80,85,9.560067,4.440659
-75,-55,3.191583,-4.770648
-75,-30,-6.93644,-9.511274
-75,40,-7.959453,-2.584362
-70,-90,2.849501,-6.074544
-70,-70,-0.4588521,9.002499
-70,-35,6.713861,-5.892562
-70,30,-7.306738,0.1296996
-70,35,2.599412,10.11062
-70,40,3.969919,-13.15578
-70,55,-16.66545,-3.90267
-70,60,7.735325,4.543903
-65,-75,3.808458,-12.64366
-65,-65,-16.84339,17.27894
-65,-40,-4.269045,2.979937
-65,15,-2.009174,9.413386
-65,30,20.65358,-0.1163371
-65,75,0.01712704,-5.966988
-60,-25,2.752908,10.60037
-60,-15,0.02301808,-7.568099
-60,-10,-0.4776205,-1.880151
-60,-5,-0.4660204,-1.535211
-60,30,-0.5513954,-2.568761
-60,35,-4.442575,-11.00025
-60,60,3.873545,5.965019
-60,75,-0.3171114,-7.29107
-55,-80,2.439043,-4.498328
-55,-75,2.356982,-4.165066
-55,-55,-0.8377429,-1.325921
-55,-40,2.160971,-0.1495863
-55,-25,-0.2086933,6.890379
-55,-20,0.3074484,-3.154282
-55,25,4.246473,9.203404
-55,90,-1.129501,-5.202939
-50,-85,2.309202,2.34299
-50,-80,5.201951,-9.492808
-50,-65,1.080613,14.9863
-50,-45,-0.460656,-3.084862
-50,-30,3.829695,-5.243865
-50,-15,-0.6004807,-10.68628
-45,-20,1.181925,10.25073
-45,-15,-1.554185,9.657927
-45,0,1.006397,-10.99208
-45,5,0.9090909,-7.841843
-45,55,1.148635,-2.86441
-40,-70,2.741724,12.25387
-40,-60,13.95592,-6.367682
-40,-40,11.34688,-12.70042
-40,-15,-0.07965714,-1.333168
-40,0,0.09120587,-5.949588
-40,25,7.79416,-1.756271
-40,40,-0.3239018,-4.786637
-40,55,-27.49757,8.723683
-40,90,-0.5415379,-9.800845
-35,-85,-3.741434,-3.977773
-35,-45,-9.051923,13.46264
-35,-20,-1.647667,5.028496
-35,10,2.794666,-12.02945
-35,20,-0.8604252,-3.348835
-35,35,7.597498,-6.682043
-35,70,-14.07616,1.647706
-35,90,3.164895,-5.358775
-30,-85,5.710832,-1.583027
-30,-75,2.359812,-8.482157
-30,-30,-5.920042,9.465081
-30,15,-1.721649,0.0663923
-30,25,-11.64845,-6.497774
-30,45,-1.412944,-5.2047
-25,-80,-4.534687,-2.465255
-25,0,1.689616,15.75003
-25,30,0.786518,-9.548743
-25,35,0.2657148,-5.621103
-25,60,-0.9174625,-0.6139959
-25,65,0.3046831,-8.410342
-25,70,-3.363351,-2.465526
-25,85,-3.064089,15.21222
-20,-60,-0.7939896,1.265669
-20,30,-1.193789,-3.893825
-20,55,-2.298926,5.123309
-15,-80,-0.5807445,4.2356
-15,-65,2.606009,-10.72238
-15,-25,2.067052,-4.598379
-15,-20,-1.142598,19.05692
-15,0,-0.4822586,12.0078
-15,25,0.04433268,1.069648
-15,45,0.4077501,10.48678
-15,55,-1.113491,11.65641
-15,60,0.1564747,16.96069
-15,75,-0.5218332,5.069997
-15,85,0.7698008,5.125191
-10,-80,-0.5673278,5.223741
-10,-50,-0.2047507,-2.247989
-10,-5,-0.5192529,3.998044
-10,75,0.03363177,8.236736
-10,90,0.004918486,6.95614
-5,-65,-0.02911447,-6.387815
-5,20,0.7859768,-2.471408
-5,25,0.4635772,-8.562235
-5,35,1.166497,-6.779645
-5,70,0.35286,-3.802575
-5,75,-0.3017489,3.882878
0,-75,-0.8824028,-1.738425
0,-45,-0.7690014,-0.3969024
0,0,1.361345,-10.8852
0,55,0.2573941,-4.036092
0,60,0.01585795,-4.885448
0,75,0.6094844,-7.368978
5,-90,-0.4973648,0.7778942
5,-85,-0.6997415,1.239866
5,-70,1.023875,-8.948027
5,-45,-0.3461907,-0.6857283
5,-30,0.4880344,-4.900025
5,-15,0.414036,-3.70522
5,5,1.049868,6.087877
5,20,0.4917958,-7.023324
5,25,0.001800328,0.2109988
5,40,0.08948821,-5.670496
5,75,0.94538,-8.038636
5,85,0.3659877,-5.635726
10,-30,-0.77481,0.7519303
10,-15,0.366982,-3.491478
10,-10,1.74985,-5.7497
10,15,-0.7796091,5.476575
15,-75,-0.811582,-1.761855
15,-65,0.4174168,3.245448
15,-45,0.5527984,-6.821778
15,-20,-0.6727911,0.06607151
15,10,-0.5806097,0.4410343
15,90,-0.5181153,-1.159503
20,-85,-1.014421,14.23207
20,-5,-0.2529009,11.17557
20,45,-1.1564,5.727611
20,65,-1.925653,8.957107
25,-80,-4.82328,19.71412
25,-35,1.804177,-7.36435
25,-25,-1.228312,14.48955
25,5,3.276849,8.132485
25,20,2.467138,-0.2481274
25,35,2.867419,-10.07981
25,55,0.3023424,2.375002
25,80,-2.385356,23.52407
30,-70,-0.6403607,-7.445708
30,-65,-1.834002,12.25342
30,-45,0.7120037,-1.733414
30,-40,0.3001556,-4.091424
30,-15,-2.565251,0.01136658
30,-10,19.84399,-1.001201
30,25,4.503121,-5.91046
30,35,4.311208,-9.933777
30,45,2.800625,-11.11482
30,90,3.968475,1.753946
35,-70,-7.406875,-1.596882
35,25,-0.3020554,-2.491836
35,50,10.38059,3.324832
35,55,13.74453,-10.79964
35,70,16.01779,-3.182287
40,-80,-0.2343846,-4.739006
40,-30,-14.08214,9.839659
40,5,-3.950532,-8.372828
40,55,5.231586,-14.04675
45,-85,-2.557436,-6.512317
45,-80,-2.410906,-4.966262
45,-15,2.758763,-1.767678
45,40,-9.55114,-4.495333
45,50,-4.563406,10.55379
45,80,-0.5918151,-8.784879
45,85,0.2471699,-10.09243
50,-90,3.485771,-13.63485
50,-65,3.290781,14.47053
50,-40,11.40268,2.45149
50,-30,-5.413567,-3.842091
50,15,-1.121135,19.35622
50,30,1.353138,-4.168822
50,45,-3.657327,0.2043201
50,65,4.477029,0.3160116
50,90,-1.64478,-8.809079
55,-75,-0.1051922,10.31449
55,70,4.830526,20.95201
60,-55,3.197719,3.517787
60,-50,-18.41095,-3.932381
60,-45,7.61373,0.9548997
60,-30,-12.33527,-8.579711
60,-10,-0.2559369,7.911407
60,15,-2.35361,-0.7523293
60,35,-5.012343,-3.880527
60,70,13.12011,-1.479748
60,80,-2.842355,18.44477
60,85,0.9655085,10.55895
65,-45,-2.555408,-4.521934
65,-5,-0.1426101,1.389804
65,40,4.751938,-3.31883
65,45,-5.00337,-5.482934
65,60,-8.409519,1.776589
65,90,-1.719857,29.28564
70,-75,-1.12268,-8.553134
70,-65,-2.917185,14.94013
70,-55,17.66881,8.318606
70,-45,-14.93465,5.745625
70,-40,5.037289,3.395584
70,10,11.09392,7.736976
70,55,3.240252,-8.479916
70,65,5.639225,-7.030343
70,75,0.008759245,9.620433
75,-90,4.280105,4.7494
75,-50,7.638831,4.352842
75,-45,6.583513,-5.474183
75,-40,-5.281676,-1.568784
75,-30,-8.725905,5.074909
75,85,-4.71435,15.33152
80,-90,11.72999,-4.708214
80,-70,-0.9355511,2.533677
80,-5,-16.08211,-6.668919
80,0,-2.38986,-5.114969
80,15,4.544977,-5.884674
80,50,24.2893,-10.70673
80,55,-2.945692,-0.4742591
85,-90,3.636738,-3.295722
85,-85,3.266132,-1.754814
85,-75,-9.084493,5.163099
85,-25,-13.36221,-5.11554
85,40,-0.5048676,-5.557596
85,50,-4.202654,-2.337997
85,80,-0.4844507,-0.7511573
85,90,1.715863,-3.016298
90,-50,0.1308841,-8.590749
90,-20,-0.1377256,3.202598
90,5,9.257118,6.681631
90,80,-1.276234,-1.898079
90,90,-0.3326907,1.330018
-90,-20,0.08508134,-2.601991
-90,20,5.93327,-8.995135
-90,35,1.705754,-0.5925333
-90,55,1.770792,-5.385368
-90,85,-7.695971,13.09368
-85,-90,10.05255,-4.879739
-85,-85,8.7356,-9.682617
-85,-35,-1.285007,-7.73111
-85,-10,6.763886,-8.342376
-85,15,12.13771,0.3867431
-85,40,4.847156,-4.768286
-85,45,9.690703,1.20576
-85,50,-2.999619,-1.830419
-85,80,4.17021,-0.8644625
-80,-70,2.915785,6.581228
-80,-30,-0.01413471,-1.647558
-80,-20,-7.571124,2.094276
-80,0,-4.267323,0.6352535
-80,15,3.998476,-2.740813
-80,25,-11.89495,-7.046409
-80,60,-16.54912,9.00777
-75,-85,4.882375,-6.173702
-75,-80,-1.453383,-2.18839
-75,-70,-1.89742,2.275379
-70,-55,-15.11882,-16.31548
-70,-30,0.567851,-9.748391
-70,-5,0.2967102,-2.276175
-70,10,1.228288,9.703026
-70,50,-0.3534278,-8.476317
-65,-80,-1.340551,-8.66489
-65,-75,-1.15302,-5.743082
-65,-50,5.600208,-1.876345
-65,-35,-1.977276,-5.897813
-65,-20,1.99215,10.81029
-65,5,-0.3331172,14.73185
-65,30,8.725871,-5.430145
-65,40,14.00512,-6.650946
-60,-70,-0.35954,-5.647448
-60,-55,-2.993705,-2.268407
-60,-45,-4.725512,-0.6372676
-60,-40,9.981933,-7.716831
-60,-30,-3.226979,15.32431
-60,-5,-1.36393,15.63338
-60,0,0.7145161,0.1567063
-60,20,7.802176,1.024454
-60,40,-5.489292,2.270825
-60,75,-1.138747,4.865758
-60,80,-1.941395,14.83014
-55,-70,-2.000562,15.57197
-55,-45,-7.345908,1.702273
-55,-20,0.5951037,20.82333
-55,10,-0.5650887,15.64819
-55,60,-1.951652,-3.357936
-55,85,-0.5659127,6.408252
-50,-90,-0.310917,-3.673399
-50,-15,-1.350468,2.956056
-50,-5,2.027662,-10.05823
-50,5,-1.007796,11.60422
-50,30,-1.133848,-4.971443
-50,40,-0.1900357,1.94715
-50,75,2.194168,16.79648
-50,80,3.16749,19.97034
-45,-90,1.268588,-9.39579
-45,-70,2.302903,10.3796
-45,-5,0.9544172,-3.808165
-45,70,-0.392257,7.873215
-45,80,-0.4461733,-1.249303
-45,90,1.828533,-0.2595653
-40,-65,6.195251,10.25624
-40,25,0.05677801,2.973669
-40,40,-0.418055,-2.066
-40,60,-3.005996,1.370273
-40,80,-1.711934,-4.755816
-35,-60,-0.2299389,-0.07720232
-35,-40,-4.950395,-4.668995
-35,-30,-10.07924,-10.1068
-35,-25,6.932172,1.260834
-35,-20,-6.740267,2.444986
-35,-5,-1.068908,4.76331
-35,0,0.8144637,-7.043515
-35,20,-0.6407863,14.68025
-35,30,-5.985098,-4.162454
-35,70,-8.417846,3.16141
-30,-90,-3.953974,10.27991
-30,-35,0.6576317,-9.572422
-30,0,10.52287,3.469168
-30,5,-0.3480697,9.986111
-30,60,-0.7704809,-6.321707
-30,65,-11.13814,-4.501323
-25,-85,-2.013785,11.79707
-25,-25,-0.14266,6.41351
-25,-10,0.008302256,-6.144544
-25,40,0.2689511,-10.67199
-25,45,-0.2074002,-6.716192
-25,70,3.379683,-10.45797
-25,85,2.307769,30.8894
-20,-85,0.9397557,0.3586384
-20,-80,-2.224797,18.28307
-20,-65,0.6163462,2.631783
-20,-60,-1.238315,11.41749
-20,-55,0.1409427,-1.834868
-20,0,-1.190838,6.175559
-20,5,-0.1626905,5.315025
-20,20,0.558382,6.353228
-20,50,1.29881,-10.99756
-15,-65,0.546298,1.342121
-15,-50,0.1681062,-0.2635641
-15,-10,-1.03676,-0.005354494
-15,-5,-0.5077752,5.162878
-15,10,0.2334546,4.148223
-15,15,0.03177315,-3.042607
-15,35,-0.7149619,2.115373
-15,70,-0.8107659,6.327817
-15,75,0.2148565,12.33731
-15,80,-0.3103918,-4.72838
-15,85,-0.7405511,6.230203
-15,90,-0.6244723,1.773267
-10,-70,0.441459,0.6172763
-10,-55,-0.147577,0.1554697
-10,-50,-0.01818079,-2.162301
-10,-45,0.3861891,-6.614756
-10,-35,0.5583537,-0.6385967
-10,10,-0.6085404,0.2382237
-10,30,-0.7530302,6.256603
-10,65,-0.3849671,4.259829
-10,80,-0.3525836,4.78709
-10,90,0.009108007,-3.461316
-5,-80,0.1366058,-2.442428
-5,-40,1.186836,-3.203207
-5,-20,1.137933,-4.185766
-5,20,-0.2113135,1.551009
-5,30,-0.1148663,2.129877
-5,55,0.4298059,-2.210257
-5,80,-0.09370355,-3.164123
0,-70,0.8111717,-7.542772
0,-60,0.2416767,-4.238188
0,-50,0.2568672,-4.702491
0,-35,0.5439874,-5.432694
0,-30,-0.3164631,-1.110791
0,55,-0.4940878,-0.4842087
5,-90,-0.4507524,1.87354
5,-75,0.6352402,-2.466789
5,-40,-0.6890469,0.1300542
5,-35,-0.4043663,1.178088
5,-10,-0.2362574,1.58065
5,25,0.04541251,2.354054
5,35,-0.5411332,3.327244
5,45,0.5379414,-3.505031
5,50,-0.1958653,3.115542
5,65,-0.224573,-1.845393
5,85,1.11054,-7.946043
10,-85,-0.2136844,-5.047005
10,45,0.06532359,6.315495
15,-75,0.9151081,-2.36548
15,-70,0.5685968,-4.918774
15,-65,0.7302769,5.763343
15,-50,-0.09917463,-4.449388
15,-30,1.640836,-2.254155
15,-20,-0.01970401,-2.099978
15,-15,0.315371,-6.828941
15,-5,-1.055629,4.132554
15,10,0.1414137,-2.554332
15,30,-0.3778323,1.49451
15,35,0.4863899,8.955192
15,50,0.04143977,0.350643
20,-85,-0.2299519,-3.915961
20,-80,-1.570944,4.561888
20,-75,-0.285702,0.9569781
20,-70,-0.884145,3.902953
20,-55,0.8340345,-4.286858
20,-35,-0.3170176,-5.358941
20,-5,-1.729953,6.958526
20,20,2.05505,5.948832
20,25,0.01600751,-7.096523
20,60,-0.7567992,6.88401
20,85,0.7937657,8.52751
20,90,0.8546472,18.72383
25,-70,-2.393329,19.8523
25,-65,2.002749,11.21961
25,-30,1.313335,11.39359
25,-15,-0.6568951,-1.487051
25,20,0.8955563,-10.13518
25,30,1.61153,1.499902
25,45,1.600838,-10.46306
25,50,0.4944935,-8.226972
30,-65,3.353915,4.178238
30,-55,-1.569386,-5.446892
30,-30,-0.8085874,3.07445
30,-20,1.91016,4.733782
30,-15,1.66412,-10.11453
30,5,-2.473263,-4.823325
30,10,-0.1498824,-0.6842166
30,25,7.719953,-5.769477
30,60,-1.863973,-10.37499
30,80,5.305583,2.099585
30,85,-3.114306,-5.255323
35,-80,-0.8058323,-0.06021592
35,-75,15.51549,2.134891
35,-60,-9.628086,-19.50883
35,-45,6.961635,-6.009844
35,-25,-3.607033,-7.605992
35,5,2.344365,-10.27206
35,10,-0.5396194,-11.27372
35,20,-5.271811,2.416186
35,50,11.07407,-1.343512
35,60,4.887167,-3.007135
35,75,-1.870531,-3.268976
40,-70,-2.217576,27.02587
40,-30,0.4548029,2.665543
40,5,2.599391,-11.16259
45,-90,2.999631,-13.20928
45,-75,-1.689977,9.677953
45,-10,3.19475,2.103508
45,50,9.204946,-3.672193
45,75,2.659268,-9.857868
50,-85,2.330097,-5.130842
50,-75,1.341626,0.270815
50,-50,18.04926,-0.720454
50,-5,-0.3315984,2.307894
50,5,0.6458144,-0.4672708
50,15,-0.06286521,0.5863666
50,35,3.254508,-3.959698
50,60,-2.982224,1.780144
55,-65,2.278253,8.911325
55,-60,2.024426,-10.13697
55,-30,-0.1689052,12.75122
55,20,-0.6704828,-0.2594153
55,30,2.607897,-1.414118
60,-80,0.1282935,1.751296
60,-35,-7.307099,0.7139338
65,-80,-0.7895212,-3.908681
65,-70,1.595267,-9.660028
65,-50,1.109879,-1.844228
65,-20,3.188188,-1.824187
65,0,-2.278625,21.64225
65,15,0.3469288,3.123822
65,30,-0.09454012,-3.683155
65,75,-2.885952,15.40195
65,80,-0.7365686,9.331388
70,-65,-2.497304,-2.840111
70,-50,0.3553011,10.02385
70,15,6.052796,24.65731
70,25,-12.26075,-0.2821142
70,65,1.226993,-4.089654
75,-10,3.518961,-3.719227
75,20,-1.938088,-4.010131
75,60,3.084433,-2.948763
80,-90,7.080271,8.38535
80,-80,1.18882,-9.339118
80,-45,-1.384362,-4.049598
80,-5,-2.904805,-1.095779
80,50,2.357059,-11.41984
80,75,-1.257995,-3.230335
80,80,-0.08390537,7.136779
80,85,-6.232486,-9.867168
85,-70,0.3609545,3.687394
85,-15,0.04069453,2.686596
85,0,7.370138,4.138566
85,35,7.390349,6.321123
85,65,-4.092429,-0.470241
90,-90,4.330339,6.564694
90,-65,-3.19463,5.065392
90,-30,4.953343,0.144815
90,10,8.687642,9.76101
90,60,3.225502,9.391609
90,65,-0.2040461,2.577705
