Theta_True,Phi_True,Theta_Predicted,Phi_Predicted
45,-35,-85.6230289103096,-59.0834505385315
10,-70,-10.1669489782698,-95.2886361403592
-55,-10,16.8452741673352,78.2028457462735
-35,85,-2.48776950887947,-6.62174233293671
-30,-15,41.5327955934135,-42.4600705811498
50,-5,-101.383249892021,70.091725999544
50,-85,-17.4620481732328,13.5294321263702
-45,-55,10.4920042462315,-47.1588360451969
-10,5,-8.28460384186211,7.58243282115441
40,50,-60.130004260506,-100.543581866326
85,80,18.5269581333413,-46.2068885785642
-60,-5,-48.733971442877,5.83601018217799
30,85,-60.8170744196502,63.6435718661834
25,75,-33.753320458115,28.0289281918784
-60,65,40.7121851033571,21.674206413602
-20,-65,39.2842946213434,15.0130243209259
90,15,44.593343283926,-67.4094691165689
-60,-10,56.5941599071139,-22.9388468535471
80,90,-72.7045351360021,96.3932759202512
-35,-65,-95.2635012673703,-59.5116958756876
10,85,-2.43442058964344,-92.8160612640324
50,-40,1.27403672911723,4.71168896655364
80,-85,-44.1306784121297,6.10382357717823
65,60,-90.4233475010544,-85.7855508930069
70,35,-104.084732176157,-19.4395108838986
35,-15,30.9897194581981,5.47458275734996
-40,-10,50.2317694445511,-106.680163428297
50,-35,51.5444283887724,-33.4537964461249
85,-30,87.0668364759468,-26.3108241038472
-5,80,4.57214320791667,-9.25216864913008
55,40,-59.6617102950972,30.0161118162052
-85,35,-24.3384395710623,-12.6554574182988
-85,60,-135.959429913382,-67.0006984450067
-5,5,-13.5908014369725,-68.0583739424677
-20,-55,-19.6587380728206,-64.3979371606529
-5,-25,36.5590249069635,61.2270119806498
85,65,-7.71230881434153,23.3199843414132
35,-60,-58.0166103494912,-105.433911573073
10,25,3.6519136160618,2.34257731358575
-10,10,-35.7910183742126,59.7296769513708
-65,40,50.1783004593991,82.3100777126454
5,-60,-16.356486508251,-30.6504680732671
5,80,-22.5237436656792,20.2388053774504
20,-60,25.4043365956609,48.040555422981
-15,75,-1.27255357133338,11.1164541850027
-70,80,81.5726837278472,-35.4040211778977
-70,-35,-63.2454092897204,57.3901943665656
50,20,5.4094542720523,30.2814831593265
5,90,1.36062594078662,-10.0778634535265
70,75,10.7219283735953,0.798005859036209
35,-55,3.94814642087243,-9.3515810975658
-40,-15,-27.906314478705,13.627482561854
70,-15,-149.368856780076,-41.1271185562518
-20,65,-31.7705468544306,-46.1797780674245
10,-35,-27.8618053587274,-45.513912873093
-75,-65,95.8267328256003,83.7322786319172
-20,-10,-15.3216510657336,59.7893108239576
15,85,-2.31215718330164,20.470350961403
-15,-60,28.0741328252748,-55.6043377544679
75,-85,-49.4758702006046,-14.5894119609947
-45,-25,39.0622775071425,38.0048416568457
-55,-30,37.4041550585854,-21.3746383066914
5,-65,-1.36598638692675,-1.10701691111535
65,-50,-160.59812398153,53.2197773544247
-15,35,-31.8556584315299,65.1941112743873
20,50,-2.08109868333486,119.266066235567
50,55,8.26692462914212,-9.34533739398671
-15,-35,45.5203253826051,-79.0309796145728
-40,20,-10.55392790389,87.0574772090899
85,-10,84.5697106922012,16.318328955949
20,45,-20.8333697460967,18.0545306731777
-25,-15,-22.7909768643173,-64.8352965467759
35,5,39.3159151806803,-20.40189125064
65,80,-85.3870649373073,-67.1785821508935
80,-65,85.2612381865048,3.10285157765793
75,20,-86.9647005819772,141.440289129741
-85,-85,116.867518600829,76.5404366710248
55,-35,125.902379025751,63.8165625707185
-35,-30,71.6690235870144,-10.3708585610023
-70,0,-50.1865348488447,117.24780064151
-50,-50,-3.52561033841914,-7.48597794783586
-70,55,-90.0082306751054,-120.497711525638
70,-90,-22.4656601418202,76.1839482103746
-10,40,-11.8188137620741,-34.6093751318875
0,45,5.31315729259848,54.7406384698636
45,-65,99.8899191275446,18.352815069859
0,-85,-38.1186929098549,-20.7091163607938
-65,-75,69.3549957623628,-12.5402536848205
-85,-20,91.914381066107,-5.43843004087074
-40,5,19.2255871100658,-102.211170931799
-90,80,57.362165562474,-7.29018911545133
-65,90,37.4166400009787,-10.7194436532353
60,-5,17.728815686708,44.5669168609062
90,-70,111.126179329341,52.9298978196984
75,70,-44.7558552718369,4.93585537957503
-75,-45,-13.737566405032,60.4836514158662
-5,-15,-19.8749770770788,-73.4974514580132
45,60,-12.3995912895553,72.8199135998633
70,-35,100.282166801919,150.230953318305
65,-75,-14.8473486443979,28.3259607615454
-80,75,87.3822443416129,4.04871287611124
-85,-75,-19.6195847093792,33.3216989939491
-75,-80,11.2936303487338,36.4464175186039
65,90,20.7222839842427,-21.1666663964204
10,-20,5.0402687618171,-2.14933549740813
-90,85,75.577151361586,-54.8983054510297
55,10,2.91193624777681,70.4877860083241
20,5,-10.2482934182974,-75.2964379048334
-25,50,11.6369992355047,2.60380732451671
75,-85,36.8739951472673,54.4962483787632
15,40,13.8526658325713,11.4645459731797
-55,-35,89.5324021489846,-142.021168293533
60,-25,-3.38281637643516,85.6902336698004
-65,70,3.50242262971813,16.7060107912519
5,-70,18.8113189451935,22.0731401923977
-75,-65,19.6549633213027,-94.0978011780775
80,-25,-11.4655140675047,-42.8559338654302
-55,-30,37.281761748528,41.0441536301352
30,-90,-89.7610895067571,74.1403748183219
-35,-40,46.3897829720085,-46.2753029511598
-20,55,1.86901574715246,54.1367142510863
-25,90,-106.11602470905,22.2341264842581
5,-35,-12.9894145126715,60.1456070524535
75,-30,101.156161660857,10.6563200916854
-70,-80,33.2722215957211,-7.77021334785455
-25,-80,16.07890660621,27.636058535202
90,-5,-67.1627125443604,85.0086114327549
-90,-40,38.6368659679988,-41.1317310041123
40,40,68.9975222212607,-6.63062637825158
-90,-70,68.8680288603018,-71.9550060007697
-30,15,-22.209904814064,194.105335922722
20,0,4.2280773350237,81.2841379076326
-35,65,3.35423942723858,-43.084503874499
-20,-20,-45.4609651222261,17.1530946974958
-80,15,-34.2409638956072,-44.7131365052461
15,65,5.4745453291743,97.419362601564
-40,80,-1.32724792786323,60.232628648601
-85,75,121.568134910794,118.428607178367
-45,-10,-36.6312553633771,-85.2139386782353
-30,-90,42.8432730928905,-13.4512703309535
-65,-85,56.6425910716632,53.3845594568333
-20,-30,-10.4188727321983,27.1686705866002
-75,60,91.0156543387408,16.9103484155622
-40,20,-13.2521375209107,40.8521683023341
-70,-25,85.4386844885379,-9.65662602392374
-25,20,9.2623466630052,41.6324019871728
-45,40,34.6405726083726,-56.1755568172426
-35,75,63.0121225080314,-69.8522432611351
10,20,4.9198356534252,83.4207029586724
-60,-90,-20.0446675725724,-68.3448441197709
-40,-50,139.521185674747,11.9727831761576
5,50,43.2657798247582,43.0459108176815
-15,-5,2.79181284688833,10.1119540726866
60,-30,-76.1763846421158,-33.0606073493847
85,-20,46.4684646828367,46.8702706052003
-5,-55,-19.7553339049186,-103.049165475525
-85,90,96.3110178957177,-48.1220105485871
30,-75,27.1661702139788,1.66943804931093
60,-90,-47.5930035474686,39.891233046217
-25,-85,-30.349317388214,-8.91465757449937
-50,65,-19.3173167549016,-18.5135620023007
85,60,-21.2957810317435,26.2735392533475
-45,25,-58.6911650717445,21.8679316855421
75,80,-69.7431740050574,-16.5137544433705
5,80,41.9445379643106,0.582877266374837
50,70,-0.220036240110701,-25.8438484127127
-70,90,-27.0701590714373,47.6437716763417
-70,50,75.5556011320755,-0.070273299869271
10,85,13.0632171745014,7.99891583549899
0,-20,-20.559122948827,-56.6940572079418
-60,25,21.3216389987402,5.30963519406427
-65,-85,-84.8805469086712,23.282027707745
85,0,-54.9731614157733,-26.1825561181085
75,35,-13.1492983885359,43.5971730636923
45,-70,35.4595242739935,-28.7122901756479
30,0,-35.5407581332733,-48.0400626510638
-50,-70,-3.87632543065568,94.5204207092572
-25,10,4.67974426745006,10.5592326924187
-20,-5,6.37824402836414,61.0529505004853
-75,-90,51.4381621676113,-10.653728635924
-10,75,4.29900713382837,-8.46213126922011
75,-50,-0.957989707124966,-36.7948767852099
65,0,112.645546055066,-26.016893758807
-75,-15,24.0119780955155,34.0435908565834
65,-85,7.86124960681011,-14.0135003916075
85,25,83.5992051484859,36.4372988584658
50,50,-41.208264107803,61.1223765336774
0,-90,14.1902192637082,8.84708014652566
10,65,-8.31110292096294,29.5803424682933
40,45,55.8045343002286,84.2281665018077
-70,85,-18.9174881629268,-10.0249581416778
-80,85,71.5961493791663,-77.5493959135538
-40,35,-39.1956176125211,-26.1867505938035
-70,-5,35.8966448499743,64.4644094561326
5,-55,6.2493848820054,0.47875117148611
-50,-15,-20.1377144870051,-35.3622316829373
-80,80,14.1637399290476,6.71363362805999
-10,-45,-26.9238629338125,-57.1244450045778
-60,-25,10.6407802577986,4.65464060161959
-75,85,16.8167008053739,22.3723695569686
0,-70,13.6088824075372,29.8467408264779
5,10,-15.1466241593135,57.9598919542198
55,-55,1.55707261881177,-25.0380264663874
45,-90,9.44540298865918,113.986825740346
-45,-75,-29.7814214825461,15.8947064944266
50,-80,-25.8615668195312,-22.8935426679319
35,70,-10.2582911650054,-64.6339705302257
0,65,1.51438868890025,-2.63988043641911
10,55,-9.23441092627138,52.3340319820843
-75,35,-12.4163571836427,26.8810675327459
-20,5,-5.04115924297795,-0.140461888081845
-60,70,27.3927973224399,-30.8666711058832
10,90,49.0887778151863,-19.9601800581064
55,-30,-1.92251754025534,24.0146039967052
-10,50,29.6203878547505,14.7129318227327
-80,20,57.2755300184255,11.7194194764184
-35,60,17.2200331899892,-14.9015819441725
5,-10,-75.1328412992409,-23.543359400192
80,55,225.590561195737,27.6199346946279
20,-45,-29.2380816764589,-24.297514402145
45,-30,3.50284469310058,51.2588357253036
-50,0,-9.28710560882604,7.84776031913292
75,-90,-68.7244031276975,25.7837647059258
-25,40,3.97083989931296,34.1751790603601
-55,75,93.8343377472976,-35.2673943279215
-65,-40,2.67484991982923,-47.6433495874077
50,-70,-49.6159979229966,-9.02803523904171
-25,70,23.2617400731354,-15.7492785291377
-50,-20,7.2514371803702,112.034456737228
-40,25,33.5614785632587,-33.4868703626633
-50,-60,-30.5012174705347,-110.987872816746
85,5,93.7013915167855,71.4300819760027
55,-60,11.8535947708152,-31.2448622741687
55,15,0.514736396231385,136.883483596506
75,-10,-6.54146799760639,25.8779262807469
35,60,59.0446849803319,24.6724337139549
85,-35,-10.7941714924631,34.085331139468
40,75,-7.00243956753489,30.4272635689168
10,70,-0.124670868703518,12.9543832294403
80,55,100.162671555215,91.1101881386698
65,-40,-46.825348062088,-66.9255621972684
25,-10,4.12873119751085,-61.9522391894241
60,60,29.3734593070794,-20.4440310249011
-35,-25,-74.1195599295979,15.9642364558801
-15,-25,-15.9174126644243,67.5633159885841
-15,-25,10.1404347655676,-33.5405567822492
-5,55,5.13176238933823,-36.6392473679034
-30,55,-10.3197349328451,33.6607450579825
-25,-30,-70.8742328174524,-54.7353168672652
25,-5,0.984648386544393,0.34057421842769
65,-25,-41.730686977746,-9.65049310426598
85,5,-26.7195655142544,0.609004899435504
-60,5,-86.6345224190676,-44.8215552218453
15,-55,-52.9229395396137,16.0015317025519
80,45,113.477891818874,44.8978015114542
-55,5,-25.0364924896043,-32.8506136846528
65,80,21.6614414875819,19.6735153990209
-60,-20,-36.9730286482806,1.62642111542273
-80,70,-8.94094249012488,-31.4428888326872
-40,75,-35.3064357007261,0.80007393898218
65,-55,-42.0260602458574,36.1274516117483
50,-45,31.0076321137805,71.9735285920906
50,40,-66.7170393739764,-41.2246509555831
35,45,-7.0664428169743,-37.7319902337074
15,45,0.405822758633178,22.339654200023
60,35,-35.2519290886635,41.447695664563
-65,45,-40.3611808436274,117.369745092543
60,15,-34.9435053320081,-86.601908667588
0,-80,12.8437382939779,-60.4009310388829
-40,-85,-6.70042616806143,83.7434962861027
30,40,0.109025781469697,48.1199892774434
75,35,48.0686036279596,-20.7022732695793
30,-25,5.39472228626079,39.4086902314262
-75,15,-71.7442360827874,-55.8443639777193
-85,60,138.850315431274,23.3957387381156
15,-75,26.7213897353335,32.4293022616598
-65,-30,-17.3929883538371,60.7667362734987
65,-15,-4.83634167093685,-27.6737597134906
-30,-60,68.3582398061281,65.6561369818786
-65,-10,-18.7385189756613,-16.1774598170588
-15,-85,-30.9384739394556,75.0379443712527
-85,35,-35.5080259912075,-50.3384181348823
-90,40,-57.4836316363062,-1.26163215914396
45,60,-60.349240601834,-18.3008542691313
25,75,-62.6564933835993,-18.567375619418
20,75,-71.5510652511705,22.4552976318064
-15,-80,-10.4569061667208,-4.14657503561742
55,-85,-43.6819772559391,98.8836410502913
5,-90,20.2565186101341,-57.4914280668882
35,0,-39.8396784003315,39.3290062642562
-40,45,-164.51240436488,43.640157476408
30,-65,-51.5031040020461,50.2880838931432
30,-70,80.3274089895313,58.504446954672
5,-25,-8.36158253116399,-83.5661653962327
-45,-85,24.961104142573,18.2220564967943
45,20,75.2877104232881,-6.44627055022339
-70,-45,37.0129142522319,-14.6702924816718
25,45,-25.4613878298483,37.7250753754629
-90,90,-6.08271980001629,30.1338058704981
60,-80,22.5856418093575,-71.1419439629034
-10,-40,-9.06771751097493,-3.04419437103167
-15,50,6.45064821642762,26.6304630164842
65,5,32.938045076857,33.378030463133
45,-80,-6.79652986342472,-4.75944023910586
75,15,-1.82641794947097,-23.3889913925587
-55,-55,-5.34906586588816,-57.099714760838
-90,-30,-32.4060693232579,-12.3991848254177
-45,-30,-42.2516819398577,-66.786193728587
-55,-50,25.568554754136,55.4483280549445
-5,45,-3.18253918039505,-144.782864235924
65,-30,24.3429974659698,-1.97477776736305
-30,-5,36.4393226402818,-32.4387457275728
75,-50,-21.1647047085248,-61.7971517632245
60,-35,-71.1127276995489,-84.8890635625025
55,-85,22.4278133902627,30.7187888022246
65,5,-7.67764771556084,-21.5427615150377
40,25,9.65703459270998,-51.7892890463766
-85,-55,12.8498031597606,12.945951113814
-65,-60,121.857158188162,-70.7675517911306
40,15,0.625368357079054,13.8202883029386
35,-60,13.0251324624805,-20.8122576782692
70,55,-7.29481285231485,-29.7789175162201
-75,45,-3.73685745485179,-179.21748878168
-80,-70,10.719345639671,-10.1166554342018
50,-15,-10.2743870483639,49.5363577914722
-70,-5,-66.556328362117,-38.4744495166776
85,-5,-74.0915658558588,0.457025396110268
-60,55,-24.4801652716094,23.6488155217183
-70,-75,-57.217848463722,21.318794504993
-50,0,-60.8292666725056,-47.3907970118197
0,-5,-4.85915279001588,3.4979307344861
-20,0,-32.4878980432593,75.0201462787088
-65,-65,-1.66341873287955,52.9709582934439
15,-65,7.40611883694304,-56.0002823887293
-80,0,6.70167878073693,11.8390696245349
0,65,-15.7669154201797,18.4249710133793
-20,65,3.16605101213911,-3.07850568548253
-10,55,6.48466638169957,33.6155087948241
80,20,-29.8484133315911,-43.6276272684024
-5,90,0.141845042696019,-2.2877507342568
65,-70,2.95667489786709,111.442524851436
15,55,-22.5134310428617,28.9433293690868
0,10,15.1421847487931,-73.2850078534907
5,45,18.2928382199388,67.2185659830035
40,-25,33.8649249594933,61.6546630395532
20,60,3.26627856036744,-5.33769155584204
-30,25,-49.8111691204568,49.2055738598523
-80,-70,-50.0350568055828,-97.0839062887139
5,75,22.2133332271547,-41.0879173044237
20,55,59.6276364196191,35.1848455107357
-20,-60,20.779476741191,13.7439307299954
-40,15,25.1284388311995,14.1164656970134
60,80,-21.2505699405635,58.9808729392363
-75,50,-61.2498309108769,-77.5110408962906
-15,-65,-31.5806879089225,58.9163387283712
15,80,14.0894604172896,-17.9525581615805
-60,-10,-10.3419531665941,26.5833988459728
25,35,-6.38715003433894,37.5480029411706
-55,-35,-50.1420131470425,-75.013166044165
35,-75,55.8726275835528,1.65488491275907
45,40,91.9705635318025,26.655287788324
75,10,96.8641605340106,73.3625424708939
65,0,-1.23944875874693,29.6597049422794
-45,20,-30.9966321960045,53.7114126546444
-10,-85,3.16885395663324,-24.7742297212552
-65,-70,19.7378124130536,12.5730815029249
10,-60,-4.04893916378855,101.551975288496
20,10,-3.32829803008003,-39.5969801343448
-70,-25,25.5347076727572,64.4763296354367
0,25,-1.72864433433718,-12.6536357468133
-25,25,16.256146205482,13.3850082922883
25,-25,39.1673678384053,-34.7098793804046
-35,-75,-55.5861970758174,-56.6636762600289
55,-5,-62.9744177537955,-5.0136695936072
40,-30,-46.662728928117,30.1048772035858
15,-5,-6.93502511080888,35.8021358363098
50,-5,-26.0931464881206,-14.8432371426228
85,85,26.7345131088911,36.815750939309
65,55,-89.9657977723707,-28.4909399342488
5,20,-36.9264782724928,-22.4623888318123
-10,0,-55.1432429875798,76.299471030742
-25,-50,-18.3589933980406,27.1165747323648
-55,-25,-77.9388111063859,44.0795712367044
-20,-65,22.8008794454668,87.373105979256
-55,55,-37.157952753086,-61.0041018876691
5,0,-1.47485616696579,-69.230960456452
-30,-90,63.5379787013888,-37.7389686855946
-75,50,-24.308948966915,-37.4855768140347
15,-35,-4.26454457004499,19.1567889314274
-75,-40,-84.9986316973433,-7.07519303193351
75,50,-5.6370826683692,-100.490569307705
-45,-35,18.9507188003222,-9.54041089960953
10,5,8.69252725316711,33.9347914370604
-20,10,-16.5841208065994,-55.3101417458512
-85,-60,-5.21714156127229,-21.9974708634952
15,35,-6.33374345123963,-13.2706725110268
-70,-85,7.10291103613952,-89.6860048370305
90,-90,-44.4192360396733,3.40661390267874
-10,50,-21.9415080340374,47.9229546027972
40,45,18.4976450724273,-1.88183828818732
-85,-90,-145.922435279146,35.6811773365207
65,5,5.88902602161609,10.9055726931952
-40,20,80.5035853547878,25.4160353991024
45,50,29.276418441845,-5.93247972768231
65,-20,-28.5947702747087,109.727727798073
75,20,75.9171612962124,-77.4402447086484
90,55,0.198728582377782,-16.361724466877
-5,60,-15.3244785805114,-26.9431480743856
-40,-60,-38.0295124291399,-48.1847118008673
20,50,-4.47567060346123,33.3162707696142
25,50,11.157682525468,16.5093060202176
50,-70,10.1369428299677,-49.3586585869656
50,-90,0.0821426610219902,-57.3980448901993
45,-75,27.6895755889428,89.6021357112468
65,40,-18.594605015451,-3.12468442060879
-25,0,-28.2184845354361,7.11751946631153
10,65,-8.20179283086915,-7.91577500674619
-25,-75,31.3460415731023,56.1955488577318
-15,45,-1.35332505891031,14.9285286229356
85,90,47.1579067678137,-29.4805968130331
60,55,-117.401384495931,-35.3110900445576
90,-5,-8.2066646676418,18.4199974854003
10,60,-13.1298178310148,-67.7272972468829
30,-30,50.7061221731687,-7.15410151091189
-80,-25,-67.4552249838165,207.501749604476
40,-75,30.0984644379732,-11.7499229131902
-15,25,8.7367586452126,15.6522982154344
-70,65,-105.169777224146,181.411532600322
20,15,3.13004267883306,-18.028951440661
50,-20,7.48294865643734,-19.276930557893
-20,50,6.26810959237719,-16.6243656775816
45,-50,-19.3286093347447,11.3502171224642
-65,80,-133.966317776229,12.638360879282
90,0,-78.969028353426,93.487689444733
-20,-90,-5.67667401794178,-33.8232289070475
-20,0,-5.10945266328854,70.5176101852537
-80,5,-7.97674339651539,17.4760071494386
0,5,-29.2561403379098,3.33319550563651
-25,-10,30.6316408449544,-17.1136276636864
-5,25,10.1416300762668,0.622902646380965
80,60,-46.5857909171015,2.66425361010289
85,-15,37.9958420510164,31.9943598331647
85,-5,118.596114438727,-48.3253657024628
65,-85,38.2238449795574,72.6807383395792
0,-65,3.04626398629614,-6.24873613636402
-65,-45,54.4987915057305,65.971579864232
-60,60,-37.2286517820509,-55.7606041402097
-85,-25,42.7911818976402,-62.4675502135193
60,40,-0.301185714789881,39.7266685297964
-50,-90,-68.8458342002985,-68.3167694043801
-85,40,-50.180033251486,-45.7052509057651
15,-50,3.90877331730042,9.23754767364765
-40,-60,-24.0759656911202,50.1425957675394
45,25,34.7906821333746,-21.5803550980622
-20,75,11.2408097951518,73.3632084023343
25,-25,1.60101776475754,-67.241859230104
-10,55,-2.03528895073582,-25.8625882188149
10,90,-29.5953781227869,72.423491156436
-60,45,-28.7434499814958,83.544689397418
-20,45,-52.1334425661571,-35.1981201280357
75,60,30.0944704561336,-56.4128783754443
55,-50,-101.528091633217,-100.450410470376
-40,85,23.5312170095074,7.19067664224316
-85,-45,41.3134079073848,49.3442786847136
5,-85,30.115181069504,15.1032284282829
60,45,22.1706685740918,29.2400368677803
-90,-75,-46.4070730095853,-27.0169193641015
60,-55,-42.8800986806817,10.2752808665498
45,75,15.6541094711786,33.1629322196876
30,-55,4.35533015238369,-2.22790624592163
40,-90,3.94699822473891,63.3526522891868
-20,40,18.3981228154849,33.3831852688278
-75,70,-18.0471225202656,20.4667150459487
70,-50,-25.0886612266163,-39.4012149261027
-45,-75,-10.5086827193553,-5.71102152029339
25,30,5.05877920820637,-62.7164012577658
30,-75,89.5508361709763,-35.6742669300993
15,45,50.3374816131061,-32.6620656307905
-90,55,78.9655692546985,-13.0650778327044
-20,50,10.3493750166269,36.5325193451475
-45,0,-34.2439273801774,-14.0792673765892
-60,-70,-61.3439878600231,42.884962261432
35,-35,79.5690507529877,-5.43049729957114
40,0,27.2125413947015,-8.737256419573
30,85,-23.6043283733253,51.3205859739039
75,-5,6.45132904771265,48.7803462849344
5,80,18.6443947988851,29.0698828072153
-25,70,-22.3200729329423,-45.4546838046341
-5,60,4.43228045033146,-21.0825881670834
45,-25,-30.9865129537693,59.8338006358474
65,-20,-43.8818011841986,-44.4741683388584
30,30,-63.3079392750694,-7.24358369453738
0,-80,2.14094962644027,84.7702002520919
10,60,15.8831561257975,-38.8808734286647
90,50,10.5524105054806,-73.5010903586171
20,30,8.29202390554022,-37.7025861436438
-40,40,46.9334247653394,40.0746225600144
-20,-5,-21.2485132015663,-35.2107236909766
-70,75,-29.9842575343287,49.4237262515675
-25,65,-59.4929722681788,27.0279025897102
70,-15,27.5108798835663,-21.4371019803733
-30,30,-90.4897712137902,54.3337272841868
-30,15,-21.0124804630336,71.7132710104955
65,40,27.8514368263736,63.0230992144175
-30,0,-184.943612887001,123.191378509594
-40,-35,9.19837853798541,7.95282905801773
90,-40,-55.5734381045592,81.9408707029732
0,90,9.13193422907104,-18.0894940813216
-50,35,-28.5831950511936,23.1128744597463
20,65,-66.4229763445052,45.5797147089155
80,-25,28.7336832633551,21.750678834518
0,-45,35.4215974646167,-13.3308980172785
-75,-10,-92.2505684888,-28.5456201144288
10,85,1.49682609149832,-66.9743170618557
-5,10,6.10451479990539,-48.4726620111502
-25,-80,54.3909066898892,-15.7960712520037
-20,-50,0.0417681684416209,-28.8407676933167
-5,0,13.2670244529868,35.7339850349829
-25,-65,-11.4221751418723,43.1972718441085
-35,-60,-34.786434979322,27.4114978643941
-65,80,-21.8032856378607,-62.0079304045326
25,-5,50.6839534094234,-1.41785340094158
80,-45,40.0295658560071,-53.667267245109
-50,10,35.4211518639914,9.27413364265985
45,45,-2.79949062009547,-47.9052191391718
60,-30,23.7716190163275,50.231276394823
20,-5,-11.4026923010613,-49.1446203698494
-15,5,-41.5249411251987,-54.261598641377
-60,55,-22.6178576395087,76.7933193985674
75,30,153.212522579364,78.5984951363028
-40,70,-1.69674660333003,-2.58492678155926
-65,5,-10.1635495120921,-20.5545847438995
65,-90,-24.9610495728755,6.88552736678794
10,0,-7.55514340439359,-25.0902450316487
-80,-60,-90.7435406049406,63.374635346845
-75,5,61.8109179589994,-21.9103453900468
80,30,16.9102182244182,71.7005278583615
55,-45,17.8721690367931,89.1016017313108
60,-50,-17.2139696937649,66.0757855718334
-40,-55,62.6162010116383,-5.64083901532842
75,-15,-105.056085096699,-109.592303021064
60,60,83.2006578706211,6.9551852328749
70,20,93.2209369405167,-19.3288840484028
0,30,-22.6348836165138,19.9075196776087
20,-20,-19.4731354760136,-25.1144219284043
15,55,9.11378057439335,56.8257553627552
-20,-35,34.5644543784894,22.8370499578578
65,50,48.9338082253036,-87.3707138686753
45,-65,-50.529109855182,13.1591976287428
-60,85,17.2056378702329,28.0293022681209
0,-25,40.3159286352209,-15.6368044534078
85,65,-77.9516742770067,-71.2387269175557
60,0,101.598711859968,43.0281604699694
-70,20,-31.3284900656178,41.6688366115497
-5,5,15.790468450712,-3.27328897583833
-25,70,-51.5018427992801,-68.8878192832146
-45,-70,-2.46851892505209,-29.5211302502127
85,-55,88.7499730164342,56.7058139604044
-90,-55,16.8645502331953,22.3699820544428
-45,-20,-28.1975236671898,13.7514732001822
-15,-50,-3.61862241931851,-72.5390556446481
-75,-35,-17.6530065891013,79.8783663906211
10,20,-11.2075022578806,-0.116298814042295
-55,70,18.6578308510851,53.4312683069057
-40,60,19.2654557226065,-7.26629934185905
90,0,1.68349252358193,-29.8476840946556
80,80,189.791658076755,0.887518833372994
-55,-25,107.364258971163,-83.8028504771492
-80,20,0.419466694984663,2.87862638399656
65,-80,-23.7494465476552,74.6490699288389
80,35,1.66015997457761,-76.7523817874296
-90,90,4.15988992862817,-5.71640783619605
15,75,-16.4556490620279,41.1478806568376
-85,25,-7.79506659130365,-39.2210926107802
80,45,-8.86474193651475,112.401999758649
-85,55,35.304112875621,43.4652909648618
-50,-55,-120.539277288093,23.4814188805988
20,-70,-21.3976894540364,-6.67906498820642
-80,-85,42.9979295145019,-75.3860352051737
-85,-75,19.0396231697318,-34.0850311573897
90,-40,-52.817239828687,-70.8202184093408
70,75,121.062532776492,-40.6490203175488
30,70,-85.0170920047214,31.5824189127543
-30,25,-66.0927089432838,32.1872159125467
75,5,-34.6804467814586,20.9559600179175
-40,20,-50.9370885757226,52.2488506724306
-80,-45,73.5650760333515,12.4549905638799
40,70,1.5920735264407,-71.2388088598094
55,50,93.1278024615663,-48.1008582347886
60,30,19.4253506869167,-10.2881699989948
30,-45,25.2463526513228,-0.945492998956468
-75,5,-36.0219560984702,79.8338596925491
20,-90,13.1439078563118,27.4976484446939
55,75,-3.06119143676651,29.3777477957545
85,-90,-14.2426679835803,-17.3791337682574
50,-30,-24.3073973351044,-49.7598251910987
70,5,35.7668690545493,103.728858349848
-25,55,-16.9210011776249,-54.7918910966424
5,-75,-10.2087332519803,22.1887473563802
30,-85,-55.4700696187839,-57.4459355972293
75,60,-22.1337999142721,-17.4915045066057
-90,-60,-78.8046826410458,71.85766150394
-80,35,-39.5362892894534,-32.9539744629717
-10,85,-8.19014792174913,6.65559244900123
20,-45,5.87222731544465,-108.199368185058
85,-40,-28.6401354088361,107.389312650578
20,-75,-12.9278030460372,31.7123237395457
-10,-5,1.44443363368512,-21.4324387085337
-55,-80,9.55348293700402,31.0681828320881
-75,-70,54.7526143531455,77.831050170009
70,-35,40.264931195379,-20.4460769204674
-5,-70,-20.1791220767004,12.9120374858289
85,45,44.3306384765211,-15.6932587447532
65,-35,8.30709787474457,-63.8433970586493
-70,65,-45.1112047262764,-46.1409012468132
15,0,-89.7352714066723,-106.255390154341
-20,-50,38.4783007973537,-28.9844622373026
-10,-5,-31.236504943274,-23.6252065435616
20,85,-25.9013688943864,-11.6449973948078
-80,-40,-180.56626329868,56.7704979614302
45,-75,-10.38725259881,-121.558853460274
-20,25,5.99013739002869,10.3741990198498
-25,65,-41.8061629480806,-38.346073135184
35,-80,-40.7615575435168,-37.3441155347182
90,-25,-24.053340941489,42.9088634039335
90,25,3.13746335056877,-11.0668775295166
-45,85,20.5735016416304,-8.05439385778477
-10,20,-3.7402605815208,-22.4864086305936
-85,60,-65.5905580573539,-10.4544115222354
50,30,-12.6209902591379,54.8075267789423
-15,-60,-10.2333541778802,25.999641720821
40,20,10.9556818632781,-31.4042910594236
35,25,-12.5579965597447,-10.3293911396348
25,80,-28.1858415911866,51.8177110839554
35,-5,-53.9190428159305,54.2036034870922
-45,-90,-8.2855040801079,17.5062523804208
-10,65,-18.0966117484142,-57.0351494936414
50,-20,-103.085345415594,-11.0910779709419
-55,55,18.3286403450756,30.2030927374101
85,-20,-114.603992301685,37.1834866587345
-20,70,-10.1085285015401,-33.5867372806389
-35,25,-6.22472699809948,-97.4254969371261
-65,15,-1.04601965313573,18.1177695826573
-25,75,3.29248253549558,3.31026338140329
-25,55,37.492050756454,23.8740233455709
-70,-45,-9.78912303227357,-52.337322889687
0,-25,-20.127773400243,-72.8061114754786
0,-85,-14.9797286051573,14.89477994296
-30,-15,-118.454160774821,-28.4018412968834
40,40,-74.0648439278226,46.2209035334007
-20,30,55.2249724882189,-1.47766026618304
-20,90,4.06513585181941,-36.4525965973229
10,45,-22.6956084469423,-83.6809125716849
60,-80,122.398909771339,16.2216737380265
-75,55,-57.3476565074823,-10.2810171352721
-85,30,-119.115163774651,2.55497797976133
5,70,27.2158004326542,-30.39993475384
-70,85,37.3580585035011,-54.9392986688005
-20,85,11.0459586409228,5.20637237567165
-55,-65,-86.9791824659414,-28.5479447795474
60,-55,35.0420273660362,20.5846900706559
-40,-55,-21.0325019147816,79.7321027235467
-40,-25,-40.3757214054297,-25.8550403124528
65,-65,112.169650740951,-61.4592843721721
5,-85,-4.37182538458364,14.6943550879721
-50,-60,-23.8973265940635,-19.0783296921975
-55,0,37.5865224797909,19.1261353135737
-65,10,-20.2822249208347,59.9344289288937
-80,55,-29.5265429342599,-50.0315630498349
60,85,-28.4493346684504,-104.463890419103
60,-65,-17.293837685672,12.6218562162357
25,80,-32.2126995890431,43.5974608831797
55,-40,169.813478516298,-152.180060432782
-5,0,-6.93381328593836,-117.957308496998
35,-30,-83.5176768097643,-6.8888393178748
-15,-45,30.2918983976839,-153.875658532161
60,55,101.153740354009,75.4002182747193
-30,25,-63.3428067733251,-115.513811532796
-55,5,8.71260721850688,-31.5520482531116
5,-80,-3.7467177809484,37.2839785777364
-45,55,0.383778871194252,28.0216710314839
-30,-35,55.0528859268715,-32.8414863522731
50,-80,-95.3284931425373,2.77417949954753
-15,75,8.86617340544801,96.9911145655997
-60,5,-19.2705668617801,-23.4329999329432
80,80,55.2665346770513,49.2047722305769
55,5,-30.4965814286592,26.7175260780704
50,55,57.649788525354,41.2564711998239
65,-40,-63.193958608342,-25.9135364833163
20,-80,-37.5434820101053,20.2519040602853
10,-20,-3.61494850716414,-41.5068806138455
20,70,-22.3491772161698,-23.7156433505255
20,-65,42.8733755216437,-15.685725338475
55,30,27.0903004310372,-49.0235264822452
80,80,-85.0804722814861,17.229448721687
-55,-70,-30.0681954750926,100.989580607783
35,65,-16.9103539627819,-40.2442181932264
-35,70,87.4909892492105,42.5191997657017
55,65,-44.4858343167298,6.64491739196292
30,30,-52.7421986442618,20.9877840633433
10,5,20.383339578175,23.2053116480249
10,-40,-3.52092432230299,-29.5841933357007
35,-90,-28.7133892189826,9.00861695668394
-80,55,64.657558538431,-11.5551043005873
-20,45,3.08691887954933,4.39370850648913
20,-25,-15.0841882959286,-47.3781275422833
10,-15,-8.3127460107834,-44.2793979372914
-45,-40,-57.3102729109766,19.2059236580752
-70,-60,160.160006152141,109.786777615155
60,70,-79.4995665495372,-20.8748145451306
15,-85,10.9691297548546,103.368074775531
55,55,189.998264355171,5.20378321570931
-70,90,-60.1719977100337,-118.418862924296
75,25,-4.08494228333214,102.019657014153
60,-40,-4.8766449840883,-8.84412096472833
15,40,-18.5662924629098,0.673868562875498
45,-30,6.74535554956567,39.2413537480219
40,-65,21.4795769739882,-79.4527026091542
50,0,13.2133474514058,-16.8093090862294
50,75,25.5508700151056,-21.0637358831677
50,-50,-2.67906859207837,38.5752745513459
80,10,66.2866172090932,-72.1798484585921
10,5,-35.5923143510154,44.7836331040335
-30,-80,54.698438692694,-19.6942295616113
60,90,-0.629794797223155,2.61494195199522
-20,55,47.4368592423917,-23.3883282252639
-15,-25,-36.1616519371728,-39.3955360972768
-45,45,60.3946351075429,-7.34285601323046
-45,75,-74.7988736185429,-10.9580586304967
-50,60,35.0711754160422,-3.04159891928946
-30,85,124.028288969508,-16.8500822976127
-65,-25,12.5641388105592,-43.1849593920889
-80,-20,170.823543569962,36.499293102143
70,-5,31.2613998056592,-42.7535113943104
10,-30,11.1891326129738,43.6687477602291
-35,10,61.7299770549066,26.4208817746407
-30,-20,3.03973793660913,22.7625072817633
50,-80,-31.7886541980862,-26.5812833211708
-5,35,28.4625047670752,-192.638732673865
5,-50,-12.9617665964095,96.4880377835372
50,35,-61.9266097621107,75.614939540844
50,30,-26.0714974752049,50.3474027599124
35,-70,-5.15612864964548,32.949420497164
70,50,21.3186699353318,-40.2581915348892
60,-40,28.3162942836187,48.5149088541311
-90,15,-36.3464266322076,42.3224041699461
-10,-40,-9.33717293102677,-67.4305501145575
20,20,8.3185607567483,23.141358778694
15,-70,-24.832565616403,17.9028373118632
-60,70,-2.30761480806179,18.9449259452719
30,-15,35.441686245889,144.783183577462
85,35,-49.9141074762513,-59.400462223967
-55,15,-62.0297298655598,-29.8341441616649
45,40,55.584285052486,35.2943817211721
-90,5,-29.0112382577547,-20.6715309786995
85,-40,32.0577025489594,21.8824103326264
-50,-30,53.2934380831675,-12.9053867938964
10,40,-3.0139769358818,92.3098718993226
-25,-50,-2.41053107400829,-27.5242437865062
-90,-85,-29.5854058863767,30.9915216352923
-10,-70,10.8177755659548,7.14553280671873
-5,-10,59.2921831491844,-33.8312824040928
-35,-50,-57.2783537620499,-89.8271725360666
-75,10,-10.4710090860189,-98.5736821613471
-25,-60,-72.1797391663555,-44.1641025444528
-55,-65,-35.2693290849913,83.5447505491674
65,55,2.70636042320962,-6.32922882276844
-30,55,46.2942325161388,-79.8891960520265
30,35,-29.1491768536338,-73.9332061650917
75,65,-89.589584450704,47.2660479627353
-60,-60,7.79433176971501,-30.0275100745416
45,55,8.51689997775094,-37.0212814573375
-40,75,35.1208378285799,0.22860588701181
25,-10,25.7531521954858,83.1233717210108
-30,-45,27.2659273494532,-94.6061732535066
30,-65,21.9910644566505,22.5132154407599
-75,25,40.5289795572125,-6.34379256583529
-75,-55,52.7181736761472,-31.0176924717203
30,-5,-23.617106861465,19.89651288265
60,60,-91.4868665386271,-9.49893057138566
70,-30,-0.426226142562584,4.67794528247916
70,-70,5.07437251238173,-119.425532615839
55,90,0.0674942866258021,5.12851963040413
10,0,-33.6568236018833,-133.963736365232
70,0,30.6454251943787,94.4214196317735
10,25,-2.85993363408656,32.839311933355
10,-70,24.3022826508416,29.0186017204116
65,45,9.95885576890778,-10.8359782603659
-75,15,10.5423399885003,-20.4083401989723
75,-45,76.412935234802,54.2943420984208
5,-5,-1.37668773373827,-8.66416645409163
-60,-50,-50.9506194600028,30.0847751419787
30,80,95.0500608350196,-10.4533856286883
65,10,55.1598693661313,-24.7050243799718
10,-50,7.45096328815531,-75.5213203188692
85,-10,132.717677518486,-230.853004881303
-85,-10,51.5972506512419,45.2695985711005
-20,80,-7.23636326882234,49.4658099543491
-40,-45,46.9829361600223,-75.3009715394584
60,-20,8.06321699437535,7.42403407938291
-35,-45,-64.680540107157,-16.6463927161558
-5,-80,28.9606752694944,-46.5801892898475
-35,-85,36.5565977847606,-36.8480324728398
-40,85,-68.6253501572934,-24.5477939505702
85,-75,-23.4115087078056,1.38033847438088
45,-25,26.0992803588608,-68.6919721711351
-20,-75,16.7813711210781,58.5128902928065
80,15,59.9014764398234,-1.03373242066652
-60,-50,-4.93540335647133,-79.8766335680952
-75,-40,120.802875902834,143.431764803653
-85,-25,-22.9995994047239,56.7779249646644
65,30,-27.500669283917,42.7569293970898
30,-45,94.6896456024867,36.4282279566792
-35,-75,45.1632936195666,15.2021471318782
-15,85,-3.11956097762194,36.5561895940625
0,-65,-1.30966277288877,-84.0370361349843
-10,-80,35.9386526474132,-5.93348126853962
-25,-5,18.1483834431032,56.0151622415895
-65,-30,-120.666572016179,-11.5136369239867
-65,-60,136.6469212671,-53.2060605078769
35,-50,23.4197133516238,3.26606367338232
10,40,-0.742093375054893,-54.6413074218903
-30,-20,54.8451082899351,51.946457464936
30,-90,64.7688948354871,8.47526258276071
-25,-50,12.3511833187517,-70.0458954701355
-5,30,3.12811774136823,27.6001404385796
-75,-70,28.0193691688076,4.29293929351589
25,-25,-5.65800815939387,17.4102166550884
70,5,-89.7166761234621,29.6274800371322
-70,-90,10.2296524398273,25.0134901818997
25,-80,53.9610449200266,16.7817352301001
50,-65,38.7914771943088,-116.221400108452
-65,0,-34.0192338943137,-8.78698047858303
90,5,46.3768988340605,-4.8886235470065
65,25,-5.7130272016919,-95.0184018038733
50,-70,34.8671576692193,-0.586172042838442
10,-65,-17.1766937597217,72.3201042592963
-65,50,-42.5324118197857,-97.9860931322264
-5,5,23.8538054481829,56.0157755991041
35,20,-38.0839475794587,22.1119406793712
-65,-65,-81.8390494751923,-13.2022493953134
50,10,-90.4205639550755,-17.4239809022101
-90,-10,45.9537685271357,-36.1175201047023
-65,-55,-72.7012391029814,16.759307913516
90,30,87.1269396601688,106.326989307629
-85,-45,-64.0205899570897,-18.6781922793189
-20,-60,3.16675400085337,51.6465903580457
-5,45,-49.8166207097151,-15.0372014429
-25,-70,31.5080353526251,36.6422439237958
15,-60,-20.1627845164751,-6.69986682896383
55,30,-19.2639698500048,-48.0436865140856
50,5,23.3614598192771,-44.6040790145968
-35,-65,44.0159749656094,53.4410228954447
-20,70,39.3745786557432,-23.272729166463
10,45,10.3016050551943,-101.025722804396
-65,-80,-43.5773113173546,-42.5856094232631
-60,-50,-81.6085871952303,-17.8638857155343
45,80,-39.7451225261938,-33.0713888195264
40,35,-59.3646305159316,-82.5512164283165
-40,65,45.9008654602738,38.2891852177071
25,-30,17.2807861521562,-27.5477323348551
25,50,19.9763151753384,32.6332515826361
75,-30,-120.695961818254,44.5758287708082
-35,-85,-17.0477919649563,-4.2526761409393
10,0,-8.20086787264452,-3.14998828219073
90,40,34.1887937960489,56.4722381353661
-15,-25,-28.2901111727362,-109.407682089797
75,-10,-13.7175404137893,-15.1409174285771
45,-75,-9.73476380475465,-5.26142204562034
0,-20,42.5858351890365,-2.35924733120467
75,55,25.5736613918068,-42.4148879485996
-45,80,-10.0602522014405,23.6511997400242
-35,-85,63.8504853755994,-149.722278691157
-40,40,41.375886952254,-53.8157832033478
80,65,-42.7308338085652,84.692118017959
60,0,14.324909833278,12.7668312393207
-10,85,-2.31222000311129,-65.5906420547955
40,-35,-40.2850129766468,40.6479998718228
-55,-45,-4.32716882782164,57.1515522679192
70,0,71.0946986588817,32.778127790927
5,85,26.198252569248,14.2689896942566
-5,-70,-2.98641787203462,8.92581538378377
-30,-45,-48.6525657024014,12.6432739238237
-5,-20,-31.7683235735371,37.1751977418151
10,-50,-54.1128989240165,51.2374899667077
40,-10,-45.2331245202481,-8.51530316977208
65,-25,18.6576049418432,26.5859108031535
-60,-35,-108.695935829954,128.414195342184
-45,60,2.3761840776843,39.9232203048136
20,-50,-27.0784434851328,-5.03947260872349
-55,-10,-3.22606745789882,9.3027224414753
-80,60,99.382344544087,18.404144426725
35,40,-27.6264831192957,-18.4866242468209
-25,-45,15.4794770513885,45.9102405575814
-10,20,26.5336168472885,-36.3120348590451
-85,40,-82.4789976292493,24.6300217155191
-65,-85,106.170793334821,-10.2609574474069
-55,-35,85.7253214126477,-33.4580544378964
-10,-60,-13.1105955421602,-12.0047806752457
-70,-80,-152.687261200365,-18.3291870252668
-90,-55,-36.5371699073169,59.0473365516367
30,-15,14.7581036920145,16.7414781908024
65,-60,-19.2762423658415,-29.572223881813
15,-50,-29.9329207648024,-62.2101525399657
50,-45,-22.8351860766589,2.09241647982185
-90,-10,-9.1378798734473,-24.3744381288759
90,85,41.9873002443282,2.198235463033
45,-20,-11.7718207950377,4.22729252086113
5,-60,-23.5232402391556,-97.962314897846
5,-35,-30.8616098982417,-44.0322949568038
-25,-20,9.81893058642586,-41.4661968148482
-85,-60,22.6556465306395,-138.563025976626
0,55,11.4153590320868,128.244507730851
90,90,-51.7261574276627,-73.6325677202072
55,60,49.4577076364085,-8.32187229122503
20,-15,30.5142625944556,-35.5179067115207
-50,-25,0.837139825095008,-45.5695954428627
-90,-25,7.97731842382285,2.49659008393492
75,-40,85.5475254302725,4.20668499940004
25,65,35.3026467951389,-9.06182876038015
60,40,103.247571920811,57.9234461529355
75,75,-17.4646780878364,1.23548607401786
-55,5,5.20060445273468,1.90112268651831
30,75,113.020979106303,15.2767086881417
20,40,49.0406115140751,12.6330377936685
-65,55,-23.7540598980505,25.5591675758151
15,-15,22.1011634611688,-65.520910144617
-85,85,-53.6510455931102,-14.4187457328104
-25,35,-47.8320777720415,76.7362533051603
-75,80,73.3971995873597,6.61300886927619
-75,-15,57.9370776986905,-103.021566079131
10,-15,4.08221615447633,-52.1388091754924
-70,-70,-10.9966930868532,-112.803473859529
-65,40,-14.0096214970011,-20.1098033259284
-80,50,19.0139678392473,16.1421286123823
30,-45,74.174353493516,-28.8474518105674
-55,80,-0.612227853981139,25.1507428235865
-40,-70,4.08337778667405,-53.9830063663151
90,50,-31.7433474012396,10.4306796408079
45,0,51.5509216951709,25.2472236792476
-35,-25,57.9131771941176,-44.3416439606674
50,90,43.3451049820035,41.6155811964995
-55,-20,77.615931061379,30.5042111642217
40,10,-14.6349465840824,-36.7647517387164
-30,-10,-10.0181460013383,-40.4484183421099
-30,-45,-63.1088918711554,-9.66504462034933
-10,35,2.47951452570373,29.373851911824
35,-30,20.3391214198426,-45.3838793809051
-40,90,65.1794271786389,-44.4347438005906
35,50,-63.0752608740173,-46.4909958041317
-45,65,-20.4169261776079,-19.1561976001063
30,-75,69.785699978937,7.36180820878916
90,70,0.490463858360997,-29.5214791878717
-65,15,-29.5634397336057,43.0371570565842
-35,-25,-2.78559362225153,-32.8017661894869
20,20,51.2840238775863,58.0966873237996
-60,10,1.54537577029717,-55.9751335212301
-10,45,16.5377532811456,71.2165766222269
65,-5,-133.74729814366,18.1587764811972
5,50,-5.17952024844367,-64.9656232854916
-90,-25,14.5609066034906,45.7363941388705
45,70,-14.0449980715896,43.9408099137822
-60,-60,-10.2081795700623,-17.1824201400863
35,-10,-34.1528714434766,16.1255775865119
45,5,-0.598890689184444,0.818468011703771
-50,15,-11.4427820807825,41.9117003865412
65,-85,3.49949096736455,71.1071931483175
15,65,-18.8231303289958,63.0697688926578
45,-20,-22.0459836989469,-38.1117482869781
5,60,19.2069210763728,-17.4446068892417
-35,-70,41.5680747287308,-9.29415818251306
-90,-45,-25.878138159159,-40.0995083777349
40,80,-44.0760871743734,-46.9145713210096
-90,-10,155.833239167012,7.42209343648882
10,-35,7.1451765119738,-58.9429711821363
20,20,56.2544805922374,-76.2441549885574
-75,-70,57.9331018788316,-86.2382379067443
-55,-55,70.4946432792817,62.6842191570597
-85,-90,16.2526510346129,-4.06902107674259
-80,60,76.8707611230824,15.419538802104
90,35,2.07513601246444,-33.7644729148604
-25,-70,-49.1078838552368,50.9660205723818
20,-50,-33.7380959650289,83.7691491214336
-55,80,16.4068604286336,-93.0986767529972
-80,25,45.4241521956839,50.1590366580062
10,30,-36.6451780644222,54.9364436131264
20,-35,80.9150610962648,20.138367038969
5,0,5.71198364206428,-36.3845857095269
55,45,30.129121293315,-71.0059778721189
5,25,16.113844697916,-57.8874183753095
35,90,95.5564001909357,79.6027970015219
-10,10,-34.3503238916725,29.9295470415603
30,-40,39.8006315422997,-62.0390228614805
60,-30,-28.7640200980179,-26.9717636295809
-40,75,-32.9718758773145,11.091397707777
25,45,-0.592280775687627,2.33604597352038
15,90,-5.03426416113898,-40.3696289539098
75,45,99.6178902513144,85.700708823125
-10,25,-2.79944512325946,-74.1230828007119
-65,65,8.55645175614796,-33.4868021097283
85,-55,-10.0646860760265,23.3163342807535
10,-65,29.0487720053346,59.5884779046406
60,15,0.823139816201859,-82.3140670514064
-85,0,-83.8769371506324,-85.6022814893581
-45,-55,12.6803282883649,-8.58628390770501
25,15,54.6573929297689,-9.15805083796759
-50,60,-27.6315195441504,25.6787710078617
15,20,-25.4851575876193,5.69940424979087
65,-35,26.3628740301029,48.4660319582881
35,-55,21.1214560977831,19.4483220815155
35,55,109.531993657428,11.0164720564029
-50,15,24.0184946874109,20.5718745011869
-60,30,-57.8027591282297,-21.7781027017861
-5,-55,7.61276278499804,-84.2677052220132
-60,65,-1.15965930198843,28.1604270567628
35,-5,63.7302566727921,-19.6582464950046
45,25,-7.62173999179001,13.6451707251991
45,-15,12.6017297986754,12.718647247757
45,-90,26.4513218380943,53.3758986598279
-70,80,-103.852780480024,18.7755421207387
45,-10,7.31167594563776,-7.74342957717386
15,60,16.5277076480771,72.019334507
15,10,15.6685108707109,29.5026790624792
50,10,-27.8251903960506,-47.9112495598222
-80,-50,90.960822171798,16.1217501945894
60,90,133.142543122683,48.5957771734822
70,80,-54.0634630431922,75.885044090588
-35,50,-100.127337783106,16.2390818858333
-15,20,-43.7666852955488,68.7166715314445
70,15,103.145481242877,22.3796839866271
-55,-35,44.0624232825144,54.2614200755371
-70,-80,20.8720591729611,-88.8437568595892
-35,15,51.7977172256043,-0.262963364581751
25,5,12.3742108474809,3.42134096314619
-55,-60,41.9886160302699,-87.3687930915852
-90,85,-93.8765523979446,-111.342386525204
55,60,101.768771415434,-67.4895031734468
-30,35,24.7445107787512,44.5191086790954
0,80,13.0827251053735,8.69894754242608
-60,25,17.5612602223802,5.35019314463105
15,0,35.3211461401285,84.3128472277589
-70,-85,6.89514831601623,95.8640239423174
-75,-85,5.51058062057675,145.090968735492
40,35,51.2306055291707,38.6701421221959
-45,-45,-29.010738512664,-108.294155168433
-10,80,14.1287060470119,3.27071994807878
90,25,76.2768078040554,18.0869362191067
0,85,6.15467103929716,-39.4359404343457
35,25,-92.4231859163689,49.5320922567099
70,-10,-8.1172339700282,136.603619828855
0,0,35.5995812464136,28.4298674820297
55,-25,37.0053155000882,-4.73372335837871
5,-30,41.3646789610064,52.2193967394873
-75,-85,34.456027735128,10.2558316028109
-65,20,-43.6714677154815,-30.9554424410492
75,-45,98.5416238463014,-18.4154621620588
-85,-40,-71.3689700235762,-1.70812535431837
30,55,57.2956275125679,3.05309373187887
75,40,-28.4918112133939,-30.8703296397678
-5,85,39.334719608352,41.3108316095933
-50,-80,-61.4822757142228,5.53842990130394
-80,-20,-6.82609352476506,-22.8315412843811
-40,35,14.246136364007,29.0287620857056
25,35,-18.1932129834965,5.69891011046735
-80,-30,24.6333633542044,-138.470186364694
-90,-60,74.0188916352151,41.4041397507424
90,20,35.1966653911961,18.0122661241209
50,-85,-67.2903835156014,6.89200085312298
-85,-75,49.0451743642464,-28.9924158951855
-30,-55,32.7139158038357,20.6040663977966
35,-40,25.7947292871906,-23.4149120821867
55,60,-51.4874808440373,97.7545948217706
65,90,-105.985881957744,11.3785759905055
15,5,-5.73771218439521,1.85786022296247
-25,60,7.41441882401733,16.7478807418045
-45,10,12.1543036106796,111.266149904188
90,-45,16.1761374823905,-32.4138328877198
55,35,-128.5061922184,50.591293272195
45,75,1.64575762378909,71.1231122196307
-65,-20,29.0359583041467,34.3812814338431
-40,30,3.8063433884103,-9.16988828769523
-25,65,-31.5738028788116,91.2667272628051
-35,90,-51.9535076457507,14.9628539327175
35,50,97.7421653583822,-17.2995812483999
-65,40,-52.1799733975314,29.6871590526462
-15,65,-33.1420453625641,-41.4925451129661
-5,70,-1.40182737261458,-56.5950157024627
35,85,62.8208599214067,27.2684251087601
20,35,-27.9761944844301,-37.0127912169553
75,85,-31.2142611781204,-1.04252186259183
-50,-75,0.704040391329372,36.0303785164029
80,30,-181.889211067163,96.8028403637643
25,70,45.5754179795341,-138.402242753281
55,45,33.3930369609889,-21.5548970002254
-85,-25,44.2450346855062,-18.1431161835028
-45,40,83.5892658941154,63.0964169112242
40,60,51.2028439420559,-49.90427989841
65,-90,-48.7295089636004,70.4959824599063
15,55,0.71118229985052,-61.3525763143438
-80,-85,-48.0751628037237,-62.299803944227
85,-5,3.37402762179519,20.8559669669879
-70,-70,-103.107057208601,-77.6750705220634
-30,55,36.8464137293218,-18.40799396017
-75,45,-4.25119542470989,-19.2136884050734
5,-65,-16.1554426224965,-57.7437084393899
-75,40,-52.9726141019253,-20.0367353505781
55,-75,-23.8871327331519,101.927867830354
40,20,56.6535876994789,-14.1145909228354
30,-50,21.6024472287396,30.0990147690299
-65,55,-5.48429204899917,-30.4816112018996
20,85,14.7801543585007,8.54281754240796
90,-40,21.0118157216334,-16.4040164028986
-60,80,40.7859212864365,35.8485470728424
-15,0,-9.40716354429728,64.6039612928004
-55,40,60.1611287865705,1.22827453707602
85,-60,-31.2607606033106,16.8202846633678
-35,-35,81.700767281713,103.175774878218
-25,-35,-31.2593331062051,7.08431179705184
60,20,15.7622427974869,14.1263027637693
-85,-45,68.8608585162818,-18.5186632136161
-70,60,-89.8016007175499,-41.1993397299265
-5,30,22.5047561901346,-35.7958104236834
40,-45,-78.7127093623551,-36.7796278277685
35,40,-46.8599513541765,-6.52800558895008
90,35,-39.0069762781216,41.0638087264604
-55,45,48.2812129460908,-91.1253062812881
70,-85,-57.6610953308545,-32.4487987386835
-25,-15,52.5593906630366,0.0420102028172096
5,-20,1.28149372028729,-33.9391781783841
20,15,-8.11894315065284,20.7330302056047
-40,-75,7.30965938424613,28.0840997330067
15,-90,4.41105961872975,57.0697331199829
10,-40,3.80785209086193,-22.5339562192678
55,-50,-91.6472659713853,7.30248880073934
20,-80,-49.3471963072459,13.4560280547461
50,45,-10.6326964465109,-73.1882216024102
5,-5,-21.4559664232112,-81.4549240537517
80,-65,88.6408524830828,-16.9730053603409
60,-65,-44.4137641497833,-50.7054552126469
70,-50,127.800571443497,-10.5666693111931
85,-15,47.2336680151564,7.66232090883236
50,-10,155.815396827441,13.6751387736259
-10,80,15.1135859995064,-85.9340101303
-85,-15,-118.673265578413,-9.39478868796562
-65,-45,64.7124958646116,-6.74510479123695
10,-35,17.3996854472362,-7.55198702040666
65,30,-28.7834489405252,-59.2376256448289
45,50,39.2670895193818,-54.5043780241656
-45,35,71.1784621847972,-44.1264783280259
55,-60,-57.4014216547937,-24.7751344530888
-60,0,124.025943770176,64.6741286176791
-70,-20,21.127155695708,-41.0968222966666
40,-40,89.8968756886222,-149.873517907326
-25,25,2.31993432347686,9.42842782129311
-10,-20,6.68121002226458,14.3721349065209
35,-50,-109.99607488386,-1.07777724367168
-55,45,-11.8733864452279,-41.4273272813544
-75,90,-12.5160156577711,88.2665080748893
-65,5,60.2309598299851,-45.4724341359439
20,30,31.4441504216437,16.1698649070262
-30,-20,-28.5186560497592,-18.8226465146191
35,60,-80.6213146874837,110.78068359514
55,-65,-11.0174218086924,6.90528137087045
-45,65,-12.3527350116543,-54.826536341628
-40,70,58.4060242448693,3.41727807994567
5,-25,12.9111530495717,41.8956195752747
40,-25,117.946791192133,-18.9146153142343
55,70,48.3187100441511,-26.9173021913648
-15,10,14.120296841729,-45.3856236770476
-25,-60,-5.82311602837032,-32.5665087667516
90,75,-9.16013554059674,37.9161766623771
55,-5,46.3634809135866,20.6781431246363
-75,25,-16.1220289966376,-27.7171762616595
-80,-80,-65.2945399742096,-39.3087886405079
85,-25,-113.576895914907,8.46738496596799
-30,65,8.25589295121031,-33.0432253312826
-85,-80,49.4054116274957,-48.9185992737911
-65,60,-22.93183017243,63.2713034989093
75,-80,59.7080675906761,-48.3996692539004
-85,45,-69.6758729516679,3.13437300195415
-5,-70,35.5066981336188,-58.8892925920712
80,-80,96.098729209526,-101.01236950382
-25,-20,5.98443823217991,-104.034272653815
60,-75,-75.0790173570408,-9.11537940802148
45,-25,32.45984352501,11.5847565375789
40,5,-4.77131988078095,-64.4995115439368
45,35,-34.9203878443144,0.0257279583278205
-55,55,36.4871324006486,19.9901495541769
-80,-65,-114.323093508111,-48.8077500767935
75,-55,-78.0718611341167,-118.357166282127
55,-35,97.3669929366648,-76.5496686873441
-45,-50,1.22819555419223,-30.7046167766759
35,-20,-11.2659484281335,-29.8811254221479
-20,-5,-69.9430487159989,54.8989065282362
25,65,6.52499774718675,-25.4866815038468
-25,90,-18.1539497650598,-48.7987575045474
-55,35,-56.103612769485,39.1460753822825
5,-80,1.23323574903424,-22.743020657625
0,0,-8.66909400593914,-15.6811568118481
-60,-15,14.9671864961502,-39.290594615718
-20,-15,18.6864225297139,13.4967392451891
-25,65,40.4205183065844,-120.55857643032
-55,90,7.5359661951787,38.2740598461229
-90,10,-30.8344801070108,-36.006750185103
-55,50,-76.0180293862779,-42.5445543110241
-40,-65,-12.093263053038,64.9467802498315
25,0,12.0804759190318,20.6748063035603
0,-55,-24.9651019557288,34.0987977649625
-5,65,-6.75609793020575,3.75723472978734
-75,20,-40.5758401305958,22.82824554878
-45,-65,-14.29015655593,8.63757585518782
65,85,24.1240335571928,16.5668448725635
-75,80,-81.9747924719108,-1.16483671157762
-60,-50,17.6099431998087,-23.5268444467632
-25,-70,-24.8175866783117,-75.2967531090827
40,-70,-9.15252106242404,41.409876030124
-30,-85,-64.0186799989921,36.80362757149
15,-30,-33.7020390973823,-27.9797281112048
-45,15,31.6964743421372,-14.6013065733558
-40,-25,1.08695568100919,12.6076791252477
35,35,-41.2253897443262,9.50099015608598
-80,-15,119.913688306004,-4.71809503779424
55,60,36.3616816072245,41.1221992144043
70,-90,64.529390480836,22.8251681940555
5,90,15.2602230562105,-7.80571407530873
5,40,3.97882298620297,71.3898330604676
75,-25,89.0340225524437,-8.25286361205556
-35,90,17.9829598208853,-108.273259953776
30,55,-49.5415045205291,-120.547982843996
70,75,9.30175069463699,0.925793991623308
40,30,-20.0601699710669,-39.8851531598099
-90,75,-18.1493119927517,21.9133576484303
-30,60,-36.1221730799426,-21.5949267789689
-50,-75,59.1934084577505,28.6694695774665
-45,50,5.69176694588676,110.352092932055
-10,-80,22.4605321276981,83.8284890086142
-15,10,7.34942025229024,29.2958228627258
-25,45,-56.8931321630574,-1.46328038714111
55,-60,84.1177521470379,114.007243306501
-35,-70,15.5792398942395,38.5660505320724
55,70,3.52962413497916,49.2054296663808
40,90,113.388972275319,2.88531594538001
-15,10,-2.07093659602775,53.3349299566206
-25,-55,155.07736371025,9.07187482334558
-75,-25,13.3316286087533,52.5964843093958
45,-35,51.5200447596729,-54.104298469497
30,-5,82.7565371177606,21.8706353860594
-65,75,-10.2658247275772,-16.6766199332865
75,10,-1.56206401866842,-1.14568250174266
-35,-65,66.0737024543758,88.6298809789965
-90,-85,10.6422489542936,-115.287813418643
20,90,-7.52253368331439,28.4974579632348
80,-35,-43.8343898274151,-68.6383565286674
70,90,-5.57445180760583,-90.3911606711688
-80,65,36.072813307958,-49.2403314269694
85,-70,-17.208506411988,2.04660885171036
-70,75,-47.0156643066788,-87.6812867994121
-50,35,26.9823739266626,0.19903086976305
-85,-25,-116.698596835239,60.2487322208824
25,-85,32.7705007063897,64.5923263414414
-40,10,-70.8597530344075,-2.29882402700387
20,-80,-18.4653665020256,77.2429792193924
-85,15,87.9969294588609,-33.3608941955771
15,90,-17.3278867702105,17.1173106504703
-65,-15,82.4506030562112,7.91309544416673
-25,0,1.98949471047297,-75.5876108286122
-35,-15,51.266165912803,-87.4640120438423
-20,-40,3.39922703670568,-35.415182070913
-30,-40,4.24268394736933,-70.2965880107709
30,45,120.038690440118,-4.93415951518251
90,-70,22.813872892531,-59.1846423497703
0,0,20.9493942595197,22.2883632239541
5,65,15.026007985243,-1.69454984654774
-75,-60,-149.080074485489,133.962170278529
-60,5,104.714424881203,63.4271152349979
-20,20,17.8407100008592,32.5796741706466
25,5,36.6512115942523,-39.2509081907162
-70,-10,17.8886976575288,-48.8208351455194
90,10,83.030058486345,15.592610410088
-50,50,18.7280878468431,10.1108273637788
35,65,-55.6916222424107,26.263692626727
70,-80,-123.058740843041,-4.92398980633735
55,-40,30.3281473196954,25.6417084607379
-40,80,-55.2717086044375,19.1531878411414
0,80,5.95725189647924,-84.0001237165571
-75,70,-2.01103439954321,-79.7547519284128
5,60,2.18310663366607,-3.39137793857236
60,-35,-35.4056389471704,3.98273379817138
50,20,4.36896360951994,-103.015538761503
-75,-75,-7.0245912053943,-27.4119224756148
60,30,83.3352476753148,64.8410845412969
-25,10,30.5907606535956,40.649980240369
-35,30,-50.5070785368417,36.5044339879205
-10,85,-34.7215709056562,50.5247411860356
-50,0,6.08321241096284,47.8768225984253
80,5,34.8549821123436,39.2581807202659
25,-40,70.1709858846873,68.4755408476652
65,-35,-4.66606140476287,-30.626987648645
-45,10,-18.5208818986975,61.1874519810269
-60,70,6.46572023298523,-20.0665132047995
-85,-20,-46.9308853474038,60.0050878102524
-90,-5,-37.7846325097305,34.7005660895739
90,70,43.7967996974072,120.871784784706
-90,45,-65.7632733921978,-33.4791158801045
-60,30,35.732269021585,36.0103728828167
-65,-25,40.0541575021678,-15.8837155781039
-90,30,20.4979093981537,-74.9541816420839
-20,5,-28.5116287091336,4.84609895581529
60,80,37.1180365189402,-7.99846126233894
85,-90,17.5786925871908,18.2443494530616
70,40,164.949471329431,-101.356859059597
-60,85,31.5902984412873,-77.4506080328317
-40,-5,59.0854707888693,-43.7952376421863
-70,55,91.9578471749226,6.59839981990568
-40,-65,41.6056675523214,-7.59890479530452
-55,10,23.8921978519223,35.7250747723458
-25,0,40.6067733384314,69.6812170643321
-85,50,121.762755920372,-62.1293026574796
70,25,1.19125807410789,46.0346844698788
-25,35,-16.1805149706053,-97.4785865356944
-85,-35,-91.5531453682282,-3.22234116129697
75,-10,19.6639715779719,29.4381515458283
5,85,-4.61301820585821,31.2828999072961
20,55,42.2470749729234,28.4343409183258
50,55,44.5702972037873,81.8335081993433
-45,75,-40.0916017850184,-16.5736489014773
-15,-15,44.4097207266995,-49.3022723744359
-5,-25,-18.7085638508423,20.5088503695828
35,75,48.8541383724983,-56.5622401898102
75,65,90.3482751592095,-42.7035007976768
20,-35,-9.81265360800849,-34.7655096872566
85,35,-65.2542777895794,92.2328412942358
70,20,78.5283548476596,29.2073839311634
-30,10,28.3122749483102,-79.2862352322509
-20,-35,12.5079993664693,-16.6573687224565
-50,-35,-25.5585915514747,-30.5398425708443
-75,55,-72.4078315304316,-28.4422299033697
-50,-5,67.9127647415998,63.3077775180451
-70,80,66.7814637283939,34.3505969513102
-90,-90,-26.3177141740473,-111.344646244111
85,10,31.1028060138144,-16.1411997345603
20,60,-17.5572036570287,2.72847855627255
-70,45,40.5127463252621,-50.0805558083888
65,75,23.1360363565272,64.8852739477382
-50,75,48.7770347794881,20.1648892435596
-30,35,25.7318756980564,61.6421821674382
40,-45,-117.482280551555,-31.6779807036389
-5,20,-7.89174098177216,-51.287074254757
-80,20,90.8501254124184,109.066543585653
85,60,135.734627103538,0.722839964183535
-60,40,-7.36934643632351,-53.3619123215287
45,50,-22.6306422958136,44.0583577240618
80,80,2.018194080688,28.2223271326694
-35,5,-19.5633112714311,-1.97512825161054
50,-40,48.8260339111872,35.8274675261486
55,55,95.7736397286307,-14.9265404980627
75,85,-20.8914058040652,30.7492888341508
-50,40,-16.4608719915343,-45.4151441344307
5,5,-65.2542034866926,31.8971165960261
20,0,-10.6693945504295,-3.06027968445376
-50,75,6.06534795678481,-60.3981609654887
5,-20,28.8995604797937,-67.7322114692683
-85,5,-38.1809800866262,38.8283541611467
90,90,-3.34015813551412,-0.130643366915535
-50,10,40.9843232729397,2.63772495367471
-10,-25,-3.83942432538269,-87.5967562314648
-30,30,28.8658707969219,-24.3238117979835
-90,80,35.1891959165335,5.97845114851931
-30,80,3.87152852025633,11.6668870954043
70,85,49.7638825396842,27.3107999941746
65,55,-55.2268854105719,34.3822155426612
90,-15,33.0812526063097,-76.8921931935088
-50,85,-21.9457933939639,-44.3834497219634
15,20,-41.46971419867,13.732030316349
-30,-85,-86.8563270894683,-135.362953547401
45,5,14.2420285798238,55.4974317787671
80,-45,38.0263149667954,-25.4300903732609
45,-75,-30.8661319753461,-0.374653923486591
55,-45,120.46460955312,105.996749049988
75,-60,98.9722941600761,-14.2880052540005
15,85,3.14325405438608,38.8942540674553
85,-70,24.1800081656543,-7.01449571944562
-60,35,-95.0718464625804,-93.3921943772218
60,80,37.2040148259119,63.1699627657255
80,90,-46.6014064996565,26.4874279569942
-70,45,-46.8598574903904,34.6489247654261
-30,15,10.0617766389115,18.3774475813316
80,20,75.302549138452,48.1814155057017
-60,35,-172.958068318458,71.7220564077963
10,-25,-16.6366291502973,46.783760632336
25,-50,-44.5099634199683,-74.7767911253512
50,60,-46.1862494280124,-23.4691209449388
15,-25,-60.4314934655333,61.6088796227583
-30,-80,39.4950494654079,112.653771585639
30,-20,11.8999507772358,75.7860591475358
90,65,125.978701594813,76.2881266175163
-15,-85,10.1768096243959,2.08286392707569
40,65,36.946604693816,2.29427065197039
75,-5,146.296544617965,-0.201512738494571
-60,-25,67.5122546432927,-11.9083435284274
25,50,-58.727274392807,56.7226929957831
-30,-20,-60.5163921275989,-19.1637249081244
-50,15,44.7528982709875,-13.6715023403889
40,-50,-102.959994653832,-81.9046743884375
70,-25,100.212976581531,-52.3267838020188
40,85,-12.1729709229703,-142.718257977562
55,50,100.694317628349,8.74066735098563
-30,80,-67.3954060004328,1.55128654882412
-75,65,11.9527501239926,30.7736241493256
-90,-25,-0.426970631018719,43.3539601920591
0,-30,-48.7935205791294,-75.0401565209909
-85,-25,-28.297200800159,-100.868971390705
50,65,-7.42596105827188,32.3512091115603
35,-65,16.6328295778629,0.812929651321042
-90,5,-26.4145253283881,-108.994729017384
-30,45,78.3858614398191,-24.5302043836601
-90,-35,50.7639747457142,62.6795597703762
-85,80,-8.38021522011969,-74.9558021846777
-20,-70,-106.853303814492,27.0125428647128
25,10,-42.7214785261243,-58.327961832388
45,-70,-37.940551252934,-23.8184659490851
5,-70,20.5531711734897,25.4776484061321
-60,5,-26.5934721537862,-9.76097141160953
-15,-55,0.973505362936024,-33.9240197797047
-50,-55,0.767061347343954,-194.218859044018
80,55,-75.1172257151726,28.8173911182086
-65,20,-43.0265511924384,45.4046417836687
45,30,-58.5413660723081,-62.7717958694323
55,85,70.9279579997599,-19.2160625727976
10,75,3.25780085702051,26.443214902794
-90,-85,-113.321321873817,-115.404213959414
30,55,27.5763168402497,-11.1164518545594
-75,50,-107.421207445575,20.7102312631765
65,-40,-101.829684547019,42.2783785938399
-5,85,-12.3824822283344,-20.5423294671645
-40,-40,72.0024075522365,8.21949627177825
40,-65,74.6966177894263,25.6204929577602
-75,-60,82.6639830644409,-5.14886314130415
-60,-70,10.3323074153566,-18.1045253013079
70,-40,-1.40916583507304,10.5735683379465
15,-35,-10.1817945884103,-81.5412861717196
-70,10,-21.7185427996887,28.6178072255671
45,15,-8.18763299705094,-90.2642929561853
10,50,-19.1142148656469,50.7508054431392
70,-30,-8.94390713852056,103.446697355952
80,-45,80.9494787280191,-67.1270512137708
75,-35,26.1513419768541,4.26031421091096
90,-10,53.6072175212192,-50.5611293075541
-25,-5,-14.4931255768423,-57.5019708169766
-80,5,-18.7141546024529,-52.58074394237
70,60,-29.7988922374425,33.5381684159535
15,-40,41.2756660812595,-1.25352302492757
90,-80,-9.68632453437739,-66.8734361581018
85,10,167.824637298186,42.0028498837956
80,70,-40.907742178956,31.7269651611381
90,-20,-21.538503054831,69.1505411456605
10,80,19.3904995596073,45.5114739175848
25,70,-56.8314638401773,-5.10589265703868
-80,10,22.3817891165006,27.6634668456665
-50,-10,-2.45102227060953,-20.3003093780402
-15,45,-15.8248015350906,49.8013727970373
-50,-45,74.7736697511749,48.8489979869093
85,55,-59.546535326175,-31.8802739566785
-20,30,6.25534670614795,-40.3191983569598
-40,-15,8.8863862545402,-47.854604654368
90,-90,19.4670821858986,7.97637456990624
75,45,-41.9523064300472,-1.56876069586338
90,5,88.884717735096,-9.39535196858775
-5,-65,-11.8693790918457,-23.7066359693853
-30,45,-81.25261497757,-18.2167078036673
55,30,-52.4676686954851,-20.313898092315
20,-5,-4.84832894385187,-70.4737078333034
-45,35,-144.659026619231,69.5982270934327
-80,25,12.3227230470808,102.351777414477
85,-75,-27.3909251481396,29.5942649141848
25,20,34.4326298353058,24.9938890228224
-85,60,-0.770163386005024,-85.721647186378
-50,35,19.308580751045,55.1566960456321
75,55,67.0064788489609,11.2239713431878
-85,55,-56.4572737944554,-8.10932181886517
-45,-65,-6.77193750564182,43.8293158705333
-30,-60,-71.7607745987664,28.4286373080859
65,50,-75.4966455398609,9.71986125572985
-60,-75,-25.2071647426575,-7.54377616808543
-20,0,-24.2348083989708,60.7533616332324
70,25,94.2511812040922,-0.289432855774734
60,25,43.032407852096,-43.029700664741
15,5,60.0282816622512,20.5431955659241
85,80,-14.8247952085899,13.93877915938
70,-35,-55.9508198808256,-59.7394525394292
-55,-30,49.2016919362836,67.1757461703943
-30,-5,-174.758778114676,32.328145495627
25,10,0.392469315477669,39.5664666238081
-15,40,-46.9577618976622,62.2484258210073
-50,-75,40.0218792299331,-82.7950627725254
50,-15,-65.281861183748,34.0077092651028
60,5,-39.82590738841,-9.61763324207485
50,-60,-62.5990845779024,3.12748641001333
60,-60,-42.8414292905285,46.4653061148491
5,-75,-10.3888739797277,49.4284196023918
-85,-10,-14.910231404597,-72.8539469047842
-85,25,-26.7200808494785,43.4494299783391
65,30,-23.0935798986119,-28.4962872410048
-85,-55,11.6173330615214,-49.4246261668773
10,-75,-3.02972793259401,-53.10239428353
-5,55,3.3982730029047,7.27471450848587
-50,85,-29.6823603941404,-41.5044675281233
15,-25,-19.5885542130571,-40.8249623383273
0,-45,-10.0756500219212,-1.09048703325064
-80,45,93.4130236825014,8.08148902278897
-65,85,-25.2977145257271,55.3224485371815
60,-15,-14.6277604406428,30.9706942272088
-10,-90,9.61721320482951,78.8775870538031
55,15,31.9159394952773,1.64989327768831
85,30,-24.7835892444366,50.98281902135
10,-90,2.19507811919235,-65.5204881144676
50,55,-19.1944918601738,-33.7648757134072
15,-35,19.2699334854958,-13.2324534917389
-45,-10,-8.51374937932798,-11.7871978632773
65,70,31.8982549212916,-38.3241646994768
75,-55,34.2982107194332,-130.50069788965
50,45,33.3291287065805,-63.8724863986169
50,35,-32.4753113570612,-43.5876543492268
-60,-90,59.8352550677384,11.786917261111
10,-15,21.5157987649521,-15.2746875172685
-70,80,-15.0924299192155,2.95052639998546
35,-55,-16.843034312233,100.236892057008
-35,75,35.4665576587733,-113.039850703891
50,20,41.9077683173849,58.1109775200745
-25,-20,-39.1991951287693,-28.1344929513036
15,75,0.262316920533934,22.8384068365683
-65,-70,-22.1296838598972,-85.5013878582186
-25,60,19.1832532144975,-35.4696663597716
5,-60,37.4530215067333,11.2913811612762
25,25,-74.5835845293167,-60.4681677367218
-55,-25,-7.31093747699818,1.24846223399038
-70,-60,-33.9359893994226,-10.9277501464029
10,-35,-3.01073111012195,-88.0427887415667
-30,-80,32.9030410714072,-62.5216311787606
-45,-80,36.0204044513902,-22.7600890933487
-25,0,44.5417235406292,-9.38469923276968
35,70,3.5951193444603,48.6478208645448
-5,70,18.4089017788845,-9.85117340955742
0,35,13.8640894686181,-24.3712882764003
-85,0,-8.40973114165671,18.1449625006583
-35,80,2.27222970311963,-52.0017527001586
80,5,99.5160979010031,-8.34228334720829
-85,70,-122.337895660451,12.0735554785963
-5,35,-0.0401562359313914,-46.4563832499598
-20,5,4.62308384627003,1.26139734666816
-20,-90,-54.8202619755302,-62.3053307729822
-85,45,-18.6666732115674,-61.3748815720352
-90,-45,-1.36578479070931,-87.1302307320446
90,-10,-84.8743406429057,27.727193894959
45,-30,145.845149595779,-28.640391344732
55,-85,5.31647734774241,-9.61288441617627
-65,60,-121.034962047959,68.3767256646469
-30,-25,-42.1891190843861,-26.2114516921223
50,-75,-43.5070884328928,19.8613625719823
65,40,-42.8843386894869,-12.6762436596892
75,85,52.0052438177111,56.4466406930151
35,5,-16.3597926824176,2.00279680273223
85,-80,-3.11178967902504,47.6930101194103
-5,25,6.51420464315565,11.6446738010303
-5,-30,11.5720157681995,-42.1224743139676
0,70,5.71956780910017,-81.8606542354911
85,-55,20.4922492238393,-148.820757121014
-30,40,-48.2202848245503,19.7482828960478
20,15,8.84967254864587,53.7600560981782
-50,-85,-26.3039898663183,14.6626183755244
5,-80,-16.7380161153536,-14.1777567464943
-55,-80,-147.637684366996,52.5782975202481
40,-20,21.2502557454862,9.05135593575102
10,-40,-17.6693141783271,-0.810537595128281
80,-90,-59.8821929316542,-40.3698837220325
70,-80,85.5319916850344,50.936821653267
-40,10,-12.5150943996664,-65.1351865850648
30,60,5.28197538823336,-57.3555390745402
0,45,3.30298698567989,29.4319717149385
55,-15,81.5974183105651,9.07418697027957
-60,-90,-40.7465319422757,-11.1062698392191
90,85,97.4412308313676,31.6440124457091
-45,65,17.3472455357183,2.88538268694073
-55,-50,-7.81649865050345,-38.3279631215066
-50,85,-19.0063101147856,-15.8648860915502
-20,-80,-74.5936543664836,20.6168295599853
85,40,16.6642492741277,69.3829876098067
50,30,-7.83412536228062,4.19225812891716
-5,55,2.39047398623843,14.5499068669469
-55,90,-75.5490645040098,6.12129700710558
-55,-40,-42.4589034040043,8.17496472155702
-50,85,-7.32674426476358,-117.798117567384
85,-90,68.4701275877468,-75.6843426026684
35,10,-127.695038188196,-26.3446596465558
80,-20,-9.50637162617414,21.0311112407708
-30,65,-66.1103772048613,-24.2273578470296
-80,30,-34.2226640497651,-5.56008694515823
55,0,46.106155331424,-36.2891812433046
-60,35,63.2745452614948,103.031274337596
-5,-55,-7.03947361075157,-42.3674130460027
80,-35,32.8577768119482,29.2128722331427
-85,-20,-49.2949403752592,-51.230090751475
-45,-25,-39.987555841683,-65.6223247941654
55,65,-15.6709421434717,13.0074089695568
75,25,-19.9847351673445,14.4245984018295
25,25,6.66267319683182,82.4603151711129
0,-90,-31.7320137276241,50.5203577872045
-85,65,17.0527954820885,111.869492291669
5,-80,1.21639833293882,58.3145267238506
-35,-90,1.50405921330218,28.8798573857873
-10,0,19.1062993172898,72.9539598684154
90,-60,-42.7097711662105,-54.9179747541914
-5,50,-31.188473788037,-28.5273021181954
-45,15,11.796482610469,-23.0312665684274
90,-85,10.4369416758299,90.3124615242667
-20,35,67.285399909943,-46.0165738544565
-45,20,54.7359326525648,-48.6908514856652
-20,-20,-20.9994351991284,35.6990802996014
25,-70,8.19790944270886,21.8480843661695
-45,35,-119.809702516688,10.500677672806
40,-25,-31.7368633955684,16.1756423032499
20,75,-35.8340142062183,-16.5305084927068
-30,-50,8.22385276866976,-13.2870752546274
70,35,25.9252707554117,40.3423947241567
-15,-50,-28.8895360957359,-14.6393984328277
10,30,11.5335946757825,75.7113480274211
10,-25,1.7029421548133,38.6351417501784
0,-75,-6.40276764544906,42.7527927408915
-80,-35,-20.5961591300674,-11.1488682205823
-70,-85,23.1707329442802,-36.9633423158807
65,-25,75.7427555335237,26.1070379487574
50,0,-10.4714228804375,-51.4443925514613
-15,60,-10.9136843183249,96.414932353241
50,-25,39.3958109459443,70.7176341027511
70,70,-58.9791280948789,-7.24371555535757
-5,85,26.515496282217,2.96522831809861
-10,0,-7.50506382751021,33.3121004135015
80,30,-168.541178619541,13.4026027540688
-50,-10,75.7524276548295,55.0690361286949
-80,15,31.2744042329301,10.4662566959566
-5,0,-3.29963922749937,-11.9047583373246
30,25,-146.655132393084,-16.3852921973929
-20,-25,-3.89235817131417,10.3509585140295
